year,defendant_id,type,prosecution,guilty,prison
2009,32850,sex,1,1,1
2009,23604,sex,1,1,1
2009,54022,sex,1,1,1
2009,20225,sex,1,1,1
2009,88948,sex,1,1,1
2009,62455,sex,1,1,1
2009,63931,sex,1,1,1
2009,99860,sex,1,1,1
2009,74912,sex,1,1,1
2009,4349,sex,1,1,1
2009,11662,sex,1,1,1
2009,79508,sex,1,1,1
2009,57785,sex,1,1,1
2009,67254,sex,1,1,1
2009,67508,sex,1,1,1
2009,79899,sex,1,1,1
2009,29369,sex,1,1,1
2009,81347,sex,1,1,1
2009,95336,sex,1,1,1
2009,99896,sex,1,1,1
2009,47466,sex,1,1,1
2009,18313,sex,1,1,0
2009,3070,sex,1,1,0
2009,68803,sex,1,1,0
2009,33814,sex,1,1,0
2009,10907,sex,1,1,0
2009,62652,sex,1,1,0
2009,20643,sex,1,1,0
2009,92972,sex,1,1,0
2009,82091,sex,1,1,0
2009,95045,sex,1,1,0
2009,75567,sex,1,1,0
2009,25755,sex,1,1,0
2009,33038,sex,1,1,0
2009,9600,sex,1,1,0
2009,8399,sex,1,1,0
2009,4371,sex,1,1,0
2009,41884,sex,1,1,0
2009,41629,sex,1,1,0
2009,77682,sex,1,1,0
2009,62020,sex,1,1,0
2009,21481,sex,1,1,0
2009,23122,sex,1,1,0
2009,77521,sex,1,1,0
2009,42286,sex,1,1,0
2009,73205,sex,1,1,0
2009,29301,sex,1,1,0
2009,46656,sex,1,1,0
2009,40192,sex,1,1,0
2009,75540,sex,1,1,0
2009,21077,sex,1,1,0
2009,72057,sex,1,1,0
2009,21255,sex,1,1,0
2009,61296,sex,1,1,0
2009,65084,sex,1,1,0
2009,77135,sex,1,1,0
2009,98889,sex,1,1,0
2009,8329,sex,1,1,0
2009,56570,sex,1,1,0
2009,36390,sex,1,1,0
2009,52562,sex,1,1,0
2009,68804,sex,1,1,0
2009,58515,sex,1,1,0
2009,20259,sex,1,1,0
2009,58255,sex,1,1,0
2009,74096,sex,1,1,0
2009,88720,sex,1,1,0
2009,2776,sex,1,1,0
2009,31110,sex,1,1,0
2009,67963,sex,1,1,0
2009,46058,sex,1,1,0
2009,13862,sex,1,1,0
2009,65620,sex,1,1,0
2009,79801,sex,1,1,0
2009,74623,sex,1,1,0
2009,13453,sex,1,1,0
2009,43795,sex,1,1,0
2009,15849,sex,1,1,0
2009,7424,sex,1,1,0
2009,94197,sex,1,1,0
2009,18522,sex,1,1,0
2009,67580,sex,1,1,0
2009,94905,sex,1,1,0
2009,21588,sex,1,1,0
2009,28714,sex,1,1,0
2009,29463,sex,1,1,0
2009,70583,sex,1,1,0
2009,82724,sex,1,1,0
2009,65646,sex,1,1,0
2009,11850,sex,1,1,0
2009,960,sex,1,1,0
2009,69361,sex,1,1,0
2009,82616,sex,1,1,0
2009,94864,sex,1,1,0
2009,5767,sex,1,1,0
2009,59734,sex,1,1,0
2009,43624,sex,1,1,0
2009,48608,sex,1,1,0
2009,73089,sex,1,1,0
2009,88377,sex,1,1,0
2009,88101,sex,1,1,0
2009,56748,sex,1,1,0
2009,91672,sex,1,1,0
2009,69130,sex,1,1,0
2009,93166,sex,1,1,0
2009,37879,sex,1,1,0
2009,54639,sex,1,1,0
2009,91611,sex,1,1,0
2009,60633,sex,1,1,0
2009,83730,sex,1,1,0
2009,58763,sex,1,1,0
2009,77068,sex,1,1,0
2009,97208,sex,1,1,0
2009,508,sex,1,1,0
2009,2306,sex,1,1,0
2009,11579,sex,1,1,0
2009,16668,sex,1,1,0
2009,66426,sex,1,1,0
2009,84590,sex,1,1,0
2009,95752,sex,1,1,0
2009,98121,sex,1,1,0
2009,90702,sex,1,1,0
2009,18856,sex,1,1,0
2009,95230,sex,1,1,0
2009,80461,sex,1,1,0
2009,58757,sex,1,1,0
2009,96001,sex,1,1,0
2009,46930,sex,1,1,0
2009,19719,sex,1,1,0
2009,93813,sex,1,1,0
2009,47938,sex,1,1,0
2009,76266,sex,1,1,0
2009,56707,sex,1,1,0
2009,83975,sex,1,1,0
2009,61977,sex,1,1,0
2009,91018,sex,1,1,0
2009,67835,sex,1,1,0
2009,76122,sex,1,1,0
2009,49922,sex,1,1,0
2009,81162,sex,1,1,0
2009,18446,sex,1,1,0
2009,1969,sex,1,1,0
2009,92299,sex,1,1,0
2009,91094,sex,1,1,0
2009,99222,sex,1,1,0
2009,53613,sex,1,1,0
2009,58616,sex,1,1,0
2009,30253,sex,1,1,0
2009,40749,sex,1,1,0
2009,97443,sex,1,1,0
2009,32747,sex,1,1,0
2009,63453,sex,1,1,0
2009,77788,sex,1,1,0
2009,56854,sex,1,1,0
2009,71126,sex,1,1,0
2009,38969,sex,1,1,0
2009,96209,sex,1,1,0
2009,90354,sex,1,1,0
2009,25821,sex,1,1,0
2009,13366,sex,1,1,0
2009,58350,sex,1,1,0
2009,66209,sex,1,1,0
2009,84196,sex,1,1,0
2009,59083,sex,1,1,0
2009,54403,sex,1,1,0
2009,43707,sex,1,1,0
2009,90142,sex,1,1,0
2009,42942,sex,1,1,0
2009,45804,sex,1,1,0
2009,96010,sex,1,1,0
2009,16419,sex,1,1,0
2009,2052,sex,1,1,0
2009,65312,sex,1,1,0
2009,80139,sex,1,1,0
2009,69350,sex,1,1,0
2009,83913,sex,1,1,0
2009,20609,sex,1,1,0
2009,44012,sex,1,1,0
2009,25160,sex,1,1,0
2009,3150,sex,1,1,0
2009,19245,sex,1,1,0
2009,66737,sex,1,1,0
2009,36682,sex,1,1,0
2009,22197,sex,1,1,0
2009,59955,sex,1,1,0
2009,45058,sex,1,1,0
2009,53466,sex,1,1,0
2009,62654,sex,1,1,0
2009,65014,sex,1,1,0
2009,90201,sex,1,1,0
2009,48178,sex,1,1,0
2009,66077,sex,1,0,0
2009,58290,sex,1,0,0
2009,54958,sex,1,0,0
2009,63010,sex,1,0,0
2009,38790,sex,1,0,0
2009,36502,sex,1,0,0
2009,82539,sex,1,0,0
2009,92843,sex,1,0,0
2009,53358,sex,1,0,0
2009,68932,sex,1,0,0
2009,69409,sex,1,0,0
2009,16597,sex,1,0,0
2009,34865,sex,1,0,0
2009,68249,sex,1,0,0
2009,18547,sex,1,0,0
2009,87741,sex,1,0,0
2009,2805,sex,1,0,0
2009,6871,sex,1,0,0
2009,55639,sex,1,0,0
2009,37442,sex,1,0,0
2009,20315,sex,1,0,0
2009,87437,sex,1,0,0
2009,60223,sex,1,0,0
2009,77140,sex,1,0,0
2009,97088,sex,1,0,0
2009,31870,sex,1,0,0
2009,39110,sex,1,0,0
2009,7666,sex,1,0,0
2009,27702,sex,1,0,0
2009,64631,sex,1,0,0
2009,82246,sex,1,0,0
2009,35448,sex,1,0,0
2009,74063,sex,1,0,0
2009,54822,sex,1,0,0
2009,84992,sex,1,0,0
2009,84660,sex,1,0,0
2009,25673,sex,1,0,0
2009,73299,sex,1,0,0
2009,68436,sex,1,0,0
2009,2397,sex,1,0,0
2009,8938,sex,1,0,0
2009,22047,sex,1,0,0
2009,21449,labor,1,1,1
2009,87788,labor,1,1,0
2009,69640,labor,1,1,0
2009,32239,labor,1,1,0
2009,26038,labor,1,1,0
2009,27260,labor,1,1,0
2009,96617,labor,1,1,0
2009,80770,labor,1,1,0
2009,29776,labor,1,1,0
2009,91690,labor,1,1,0
2009,6340,labor,1,1,0
2009,70917,labor,1,1,0
2009,30493,labor,1,1,0
2009,3482,labor,1,1,0
2009,35911,labor,1,1,0
2009,47381,labor,1,1,0
2009,77730,labor,1,1,0
2009,4274,labor,1,1,0
2009,65542,labor,1,1,0
2009,55272,labor,1,1,0
2009,60813,labor,1,1,0
2009,70471,labor,1,1,0
2009,64577,labor,1,1,0
2009,15118,labor,1,1,0
2009,77753,labor,1,1,0
2009,66176,labor,1,1,0
2009,42538,labor,1,1,0
2009,12981,labor,1,1,0
2009,35716,labor,1,1,0
2009,18109,labor,1,1,0
2009,88641,labor,1,1,0
2009,51338,labor,1,1,0
2009,60576,labor,1,1,0
2009,99612,labor,1,1,0
2009,22500,labor,1,1,0
2009,66152,labor,1,1,0
2009,24552,labor,1,1,0
2009,6899,labor,1,1,0
2009,38924,labor,1,1,0
2009,62729,labor,1,1,0
2009,68078,labor,1,1,0
2009,4300,labor,1,1,0
2009,65286,labor,1,1,0
2009,52174,labor,1,1,0
2009,19820,labor,1,1,0
2009,1143,labor,1,1,0
2009,19756,labor,1,1,0
2009,99489,labor,1,1,0
2009,72654,labor,1,1,0
2009,83357,labor,1,1,0
2009,78306,labor,1,1,0
2009,67574,labor,1,1,0
2009,24536,labor,1,1,0
2009,18996,labor,1,1,0
2009,82396,labor,1,1,0
2009,98689,labor,1,1,0
2009,81162,labor,1,1,0
2009,58096,labor,1,1,0
2009,63333,labor,1,1,0
2009,88967,labor,1,1,0
2009,96286,labor,1,1,0
2009,54686,labor,1,1,0
2009,5850,labor,1,1,0
2009,79484,labor,1,1,0
2009,5419,labor,1,1,0
2009,3210,labor,1,1,0
2009,7670,labor,1,1,0
2009,83718,labor,1,1,0
2009,73783,labor,1,1,0
2009,96830,labor,1,1,0
2009,99370,labor,1,1,0
2009,55502,labor,1,1,0
2009,88477,labor,1,1,0
2009,17391,labor,1,1,0
2009,58665,labor,1,1,0
2009,14361,labor,1,1,0
2009,99474,labor,1,1,0
2009,96768,labor,1,1,0
2009,21622,labor,1,1,0
2009,55494,labor,1,1,0
2009,49583,labor,1,1,0
2009,62349,labor,1,1,0
2009,93436,labor,1,1,0
2009,42430,labor,1,1,0
2009,41263,labor,1,1,0
2009,27101,labor,1,0,0
2009,36787,labor,1,0,0
2009,40170,labor,1,0,0
2009,65760,labor,1,0,0
2009,33668,labor,1,0,0
2009,88377,labor,1,0,0
2009,99817,labor,1,0,0
2009,7271,labor,1,0,0
2009,79528,labor,1,0,0
2009,7071,labor,1,0,0
2009,2206,labor,1,0,0
2009,28196,labor,1,0,0
2009,74896,labor,1,0,0
2009,87134,labor,1,0,0
2009,79214,labor,1,0,0
2009,365,labor,1,0,0
2009,67312,labor,1,0,0
2010,60364,sex,1,1,1
2010,76119,sex,1,1,1
2010,58902,sex,1,1,1
2010,77563,sex,1,1,1
2010,13612,sex,1,1,1
2010,27999,sex,1,1,1
2010,98949,sex,1,1,1
2010,23856,sex,1,1,1
2010,5890,sex,1,1,1
2010,99399,sex,1,1,1
2010,81002,sex,1,1,1
2010,9292,sex,1,1,1
2010,99305,sex,1,1,1
2010,44282,sex,1,1,1
2010,35651,sex,1,1,1
2010,8576,sex,1,1,1
2010,65197,sex,1,1,1
2010,5670,sex,1,1,1
2010,27695,sex,1,1,1
2010,66784,sex,1,1,1
2010,86784,sex,1,1,1
2010,86452,sex,1,1,1
2010,6854,sex,1,1,1
2010,42887,sex,1,1,1
2010,98877,sex,1,1,1
2010,91684,sex,1,1,1
2010,21171,sex,1,1,1
2010,21122,sex,1,1,1
2010,40031,sex,1,1,1
2010,21482,sex,1,1,1
2010,70912,sex,1,1,1
2010,30475,sex,1,1,1
2010,24642,sex,1,1,1
2010,778,sex,1,1,1
2010,37073,sex,1,1,1
2010,89231,sex,1,1,1
2010,10821,sex,1,1,1
2010,37839,sex,1,1,1
2010,56809,sex,1,1,1
2010,72207,sex,1,1,1
2010,69255,sex,1,1,1
2010,33103,sex,1,1,1
2010,22592,sex,1,1,1
2010,39539,sex,1,1,0
2010,64706,sex,1,1,0
2010,68918,sex,1,1,0
2010,64295,sex,1,1,0
2010,34843,sex,1,1,0
2010,57197,sex,1,1,0
2010,74409,sex,1,1,0
2010,1423,sex,1,1,0
2010,58426,sex,1,1,0
2010,15717,sex,1,1,0
2010,15772,sex,1,1,0
2010,33658,sex,1,1,0
2010,1166,sex,1,1,0
2010,24367,sex,1,1,0
2010,51759,sex,1,1,0
2010,4345,sex,1,1,0
2010,9384,sex,1,1,0
2010,16379,sex,1,1,0
2010,34440,sex,1,1,0
2010,90323,sex,1,1,0
2010,57855,sex,1,1,0
2010,5678,sex,1,1,0
2010,76369,sex,1,1,0
2010,7665,sex,1,1,0
2010,21156,sex,1,1,0
2010,53605,sex,1,1,0
2010,56407,sex,1,1,0
2010,90236,sex,1,1,0
2010,50025,sex,1,1,0
2010,92612,sex,1,1,0
2010,79021,sex,1,1,0
2010,46999,sex,1,1,0
2010,51652,sex,1,1,0
2010,15916,sex,1,1,0
2010,16723,sex,1,1,0
2010,24439,sex,1,1,0
2010,78696,sex,1,1,0
2010,43580,sex,1,1,0
2010,23897,sex,1,1,0
2010,23905,sex,1,1,0
2010,9860,sex,1,1,0
2010,53415,sex,1,1,0
2010,80255,sex,1,1,0
2010,46351,sex,1,1,0
2010,7648,sex,1,1,0
2010,88971,sex,1,1,0
2010,38543,sex,1,1,0
2010,77153,sex,1,1,0
2010,72007,sex,1,1,0
2010,62998,sex,1,1,0
2010,80733,sex,1,1,0
2010,89573,sex,1,1,0
2010,32800,sex,1,1,0
2010,8483,sex,1,1,0
2010,80544,sex,1,1,0
2010,86382,sex,1,1,0
2010,31273,sex,1,1,0
2010,34490,sex,1,1,0
2010,80918,sex,1,1,0
2010,4569,sex,1,1,0
2010,55813,sex,1,1,0
2010,47839,sex,1,1,0
2010,86988,sex,1,1,0
2010,42798,sex,1,1,0
2010,91526,sex,1,1,0
2010,58506,sex,1,1,0
2010,62431,sex,1,1,0
2010,80951,sex,1,1,0
2010,49260,sex,1,1,0
2010,83871,sex,1,1,0
2010,56948,sex,1,1,0
2010,77098,sex,1,1,0
2010,4328,sex,1,1,0
2010,36058,sex,1,1,0
2010,15316,sex,1,1,0
2010,30254,sex,1,1,0
2010,93293,sex,1,1,0
2010,75940,sex,1,1,0
2010,75158,sex,1,1,0
2010,2148,sex,1,1,0
2010,32495,sex,1,1,0
2010,66169,sex,1,1,0
2010,65379,sex,1,1,0
2010,78357,sex,1,1,0
2010,48375,sex,1,1,0
2010,94723,sex,1,1,0
2010,96294,sex,1,1,0
2010,6697,sex,1,1,0
2010,8162,sex,1,1,0
2010,3172,sex,1,1,0
2010,76109,sex,1,1,0
2010,12343,sex,1,1,0
2010,17353,sex,1,1,0
2010,28325,sex,1,1,0
2010,4205,sex,1,1,0
2010,40229,sex,1,1,0
2010,15415,sex,1,1,0
2010,50375,sex,1,1,0
2010,65526,sex,1,1,0
2010,3097,sex,1,1,0
2010,77013,sex,1,1,0
2010,80729,sex,1,1,0
2010,98068,sex,1,1,0
2010,58063,sex,1,1,0
2010,92304,sex,1,1,0
2010,27439,sex,1,1,0
2010,58631,sex,1,1,0
2010,8846,sex,1,1,0
2010,52189,sex,1,1,0
2010,22974,sex,1,1,0
2010,30049,sex,1,1,0
2010,69904,sex,1,1,0
2010,49687,sex,1,1,0
2010,38911,sex,1,1,0
2010,42592,sex,1,1,0
2010,57664,sex,1,1,0
2010,63832,sex,1,1,0
2010,45810,sex,1,1,0
2010,55254,sex,1,1,0
2010,94024,sex,1,1,0
2010,46072,sex,1,1,0
2010,43172,sex,1,1,0
2010,63351,sex,1,1,0
2010,31865,sex,1,1,0
2010,75435,sex,1,1,0
2010,47971,sex,1,1,0
2010,64767,sex,1,1,0
2010,49687,sex,1,1,0
2010,67794,sex,1,1,0
2010,34542,sex,1,1,0
2010,62018,sex,1,1,0
2010,97219,sex,1,1,0
2010,56262,sex,1,1,0
2010,53724,sex,1,1,0
2010,56931,sex,1,1,0
2010,51237,sex,1,1,0
2010,60785,sex,1,1,0
2010,93796,sex,1,1,0
2010,88096,sex,1,1,0
2010,46649,sex,1,1,0
2010,31931,sex,1,1,0
2010,28282,sex,1,1,0
2010,82751,sex,1,1,0
2010,82568,sex,1,1,0
2010,23460,sex,1,1,0
2010,90816,sex,1,1,0
2010,71983,sex,1,1,0
2010,16475,sex,1,0,0
2010,6903,sex,1,0,0
2010,95017,sex,1,0,0
2010,37874,sex,1,0,0
2010,2670,sex,1,0,0
2010,6702,sex,1,0,0
2010,47595,sex,1,0,0
2010,90992,sex,1,0,0
2010,1967,sex,1,0,0
2010,79239,sex,1,0,0
2010,1816,sex,1,0,0
2010,45619,sex,1,0,0
2010,31502,sex,1,0,0
2010,19919,sex,1,0,0
2010,44370,sex,1,0,0
2010,83042,sex,1,0,0
2010,46981,sex,1,0,0
2010,36122,sex,1,0,0
2010,68753,sex,1,0,0
2010,87170,sex,1,0,0
2010,25712,sex,1,0,0
2010,82784,sex,1,0,0
2010,84267,sex,1,0,0
2010,73176,sex,1,0,0
2010,18898,sex,1,0,0
2010,53965,sex,1,0,0
2010,28397,sex,1,0,0
2010,64313,sex,1,0,0
2010,10388,sex,1,0,0
2010,27651,sex,1,0,0
2010,295,sex,1,0,0
2010,48985,sex,1,0,0
2010,95355,sex,1,0,0
2010,6005,sex,1,0,0
2010,24047,sex,1,0,0
2010,64954,sex,1,0,0
2010,61376,sex,1,0,0
2010,92720,sex,1,0,0
2010,82121,sex,1,0,0
2010,18178,sex,1,0,0
2010,77832,sex,1,0,0
2010,94815,sex,1,0,0
2010,54757,sex,1,0,0
2010,33307,sex,1,0,0
2010,16384,sex,1,0,0
2010,43827,sex,1,0,0
2010,96113,sex,1,99,0
2010,87099,sex,1,99,0
2010,42396,sex,1,99,0
2010,69483,sex,1,99,0
2010,64004,sex,1,99,0
2010,52195,sex,1,99,0
2010,75717,sex,1,99,0
2010,16395,sex,1,99,0
2010,31291,sex,1,99,0
2010,27261,sex,1,99,0
2010,39893,sex,1,99,0
2010,60732,sex,1,99,0
2010,92225,sex,1,99,0
2010,36531,sex,1,99,0
2010,3098,sex,1,99,0
2010,23237,sex,1,99,0
2010,43000,sex,1,99,0
2010,27518,sex,1,99,0
2010,43588,sex,1,99,0
2010,96526,sex,1,99,0
2010,77707,sex,1,99,0
2010,58427,sex,1,99,0
2010,30803,sex,1,99,0
2010,97780,sex,1,99,0
2010,46609,sex,1,99,0
2010,17556,sex,1,99,0
2010,88793,sex,1,99,0
2010,12152,sex,1,99,0
2010,28627,sex,1,99,0
2010,55272,sex,1,99,0
2010,57400,sex,1,99,0
2010,96954,sex,1,99,0
2010,97074,sex,1,99,0
2010,48195,sex,1,99,0
2010,50377,sex,1,99,0
2010,49541,sex,1,99,0
2010,71587,sex,1,99,0
2010,14730,sex,1,99,0
2010,90970,sex,1,99,0
2010,58111,sex,1,99,0
2010,56713,sex,1,99,0
2010,41796,sex,1,99,0
2010,20409,sex,1,99,0
2010,8484,sex,1,99,0
2010,37572,sex,1,99,0
2010,50729,sex,1,99,0
2010,16577,sex,1,99,0
2010,41172,sex,1,99,0
2010,95101,sex,1,99,0
2010,28809,sex,1,99,0
2010,48121,sex,1,99,0
2010,66784,sex,1,99,0
2010,2670,sex,1,99,0
2010,80644,sex,1,99,0
2010,50088,sex,1,99,0
2010,19451,sex,1,99,0
2010,32334,sex,1,99,0
2010,32505,sex,1,99,0
2010,34962,sex,1,99,0
2010,54959,sex,1,99,0
2010,67886,sex,1,99,0
2010,62177,sex,1,99,0
2010,95897,sex,1,99,0
2010,15920,sex,1,99,0
2010,40389,sex,1,99,0
2010,32970,sex,1,99,0
2010,69669,sex,1,99,0
2010,64101,sex,1,99,0
2010,97545,sex,1,99,0
2010,75506,sex,1,99,0
2010,82345,sex,1,99,0
2010,93628,sex,1,99,0
2010,37666,sex,1,99,0
2010,68320,sex,1,99,0
2010,35876,sex,1,99,0
2010,69305,sex,1,99,0
2010,49681,sex,1,99,0
2010,40655,sex,1,99,0
2010,92329,sex,1,99,0
2010,20935,sex,1,99,0
2010,41921,sex,1,99,0
2010,18399,sex,1,99,0
2010,21488,sex,1,99,0
2010,58932,sex,1,99,0
2010,50649,sex,1,99,0
2010,32663,sex,1,99,0
2010,76055,sex,1,99,0
2010,29795,sex,1,99,0
2010,75108,sex,1,99,0
2010,56549,sex,1,99,0
2010,50502,sex,1,99,0
2010,8646,sex,1,99,0
2010,84522,sex,1,99,0
2010,2098,sex,1,99,0
2010,40828,sex,1,99,0
2010,47454,sex,1,99,0
2010,61461,sex,1,99,0
2010,67055,sex,1,99,0
2010,28486,sex,1,99,0
2010,19416,sex,1,99,0
2010,25225,sex,1,99,0
2010,60095,sex,1,99,0
2010,67206,sex,1,99,0
2010,76198,sex,1,99,0
2010,81799,sex,1,99,0
2010,73190,sex,1,99,0
2010,76995,sex,1,99,0
2010,29552,sex,1,99,0
2010,33854,sex,1,99,0
2010,95913,sex,1,99,0
2010,45030,labor,1,1,1
2010,74149,labor,1,1,1
2010,72398,labor,1,1,1
2010,9296,labor,1,1,1
2010,59991,labor,1,99,0
2010,31485,labor,1,99,0
2010,98483,labor,1,99,0
2010,21320,labor,1,99,0
2010,6450,labor,1,99,0
2010,68229,labor,1,99,0
2010,72323,labor,1,99,0
2010,45379,labor,1,99,0
2010,70261,labor,1,99,0
2010,8668,labor,1,99,0
2010,27343,labor,1,99,0
2010,67242,labor,1,99,0
2010,44670,labor,1,99,0
2010,76495,labor,1,99,0
2010,97936,labor,1,99,0
2010,46103,labor,1,99,0
2010,41078,labor,1,99,0
2010,14289,labor,1,99,0
2010,76438,labor,1,99,0
2010,34591,labor,1,99,0
2010,90425,labor,1,99,0
2010,87256,labor,1,99,0
2010,43779,labor,1,99,0
2010,37485,labor,1,99,0
2010,87128,labor,1,99,0
2010,26520,labor,1,99,0
2010,88414,labor,1,99,0
2010,56808,labor,1,99,0
2010,10936,labor,1,99,0
2010,11704,labor,1,99,0
2010,8711,labor,1,99,0
2010,97095,labor,1,99,0
2010,3529,labor,1,99,0
2010,98428,labor,1,99,0
2010,23914,labor,1,99,0
2010,20129,labor,1,99,0
2010,92801,labor,1,99,0
2010,85824,labor,1,99,0
2010,18340,labor,1,99,0
2010,43603,labor,1,99,0
2010,31426,labor,1,99,0
2010,26668,labor,1,99,0
2010,13990,labor,1,99,0
2010,20593,labor,1,99,0
2010,877,labor,1,99,0
2010,9702,labor,1,99,0
2010,37900,labor,1,99,0
2010,42330,labor,1,99,0
2010,60857,labor,1,99,0
2010,56273,labor,1,99,0
2010,30874,labor,1,99,0
2010,87966,labor,1,99,0
2010,14871,labor,1,99,0
2010,72330,labor,1,99,0
2010,61189,labor,1,99,0
2010,89174,labor,1,99,0
2010,34481,labor,1,99,0
2010,65425,labor,1,99,0
2010,29355,labor,1,99,0
2010,37695,labor,1,99,0
2010,27189,labor,1,99,0
2010,50505,labor,1,99,0
2010,55767,labor,1,99,0
2010,97763,labor,1,99,0
2010,39978,labor,1,99,0
2010,7613,labor,1,99,0
2010,23710,labor,1,99,0
2010,64954,labor,1,99,0
2010,74425,labor,1,99,0
2010,46571,labor,1,99,0
2010,61729,labor,1,99,0
2010,68109,labor,1,99,0
2010,66073,labor,1,99,0
2010,42500,labor,1,99,0
2010,6588,labor,1,99,0
2010,48551,labor,1,99,0
2010,23063,labor,1,99,0
2010,88006,labor,1,99,0
2010,85130,labor,1,99,0
2010,5947,labor,1,99,0
2010,34140,labor,1,99,0
2010,69334,labor,1,99,0
2010,37101,labor,1,99,0
2010,54820,labor,1,99,0
2010,4155,labor,1,99,0
2010,39463,labor,1,99,0
2010,60477,labor,1,99,0
2010,93798,labor,1,99,0
2010,24199,labor,1,99,0
2010,38823,labor,1,99,0
2010,70847,labor,1,99,0
2010,38096,labor,1,99,0
2010,76737,labor,1,99,0
2010,45842,labor,1,99,0
2010,34256,labor,1,99,0
2010,53557,labor,1,99,0
2010,63212,labor,1,99,0
2010,52050,labor,1,99,0
2010,61645,labor,1,99,0
2010,44162,labor,1,99,0
2010,54769,labor,1,99,0
2010,14494,labor,1,99,0
2010,95105,labor,1,99,0
2010,5343,labor,1,99,0
2010,21201,labor,1,99,0
2010,58818,labor,1,99,0
2011,68093,sex,1,1,1
2011,77877,sex,1,1,1
2011,81817,sex,1,1,1
2011,24334,sex,1,1,1
2011,66250,sex,1,1,1
2011,73560,sex,1,1,1
2011,63233,sex,1,1,1
2011,33144,sex,1,1,1
2011,50518,sex,1,1,1
2011,14331,sex,1,1,1
2011,79854,sex,1,1,1
2011,92288,sex,1,1,1
2011,55553,sex,1,1,1
2011,67309,sex,1,1,1
2011,73414,sex,1,1,1
2011,73528,sex,1,1,1
2011,52013,sex,1,1,1
2011,61479,sex,1,1,1
2011,36467,sex,1,1,1
2011,17420,sex,1,1,1
2011,81993,sex,1,1,1
2011,73734,sex,1,1,1
2011,90944,sex,1,1,1
2011,41367,sex,1,1,1
2011,77793,sex,1,1,1
2011,24884,sex,1,1,1
2011,75726,sex,1,1,1
2011,76814,sex,1,1,1
2011,33809,sex,1,1,1
2011,95652,sex,1,1,1
2011,76621,sex,1,1,1
2011,88076,sex,1,1,1
2011,36976,sex,1,1,1
2011,28971,sex,1,1,1
2011,77172,sex,1,1,1
2011,91744,sex,1,99,0
2011,45510,sex,1,99,0
2011,83177,sex,1,99,0
2011,64055,sex,1,99,0
2011,37780,sex,1,99,0
2011,9348,sex,1,99,0
2011,13343,sex,1,99,0
2011,86122,sex,1,99,0
2011,49119,sex,1,99,0
2011,53346,sex,1,99,0
2011,90942,sex,1,99,0
2011,55080,sex,1,99,0
2011,31962,sex,1,99,0
2011,3944,sex,1,99,0
2011,4972,sex,1,99,0
2011,39405,sex,1,99,0
2011,71295,sex,1,99,0
2011,10054,sex,1,99,0
2011,32792,sex,1,99,0
2011,59818,sex,1,99,0
2011,93089,sex,1,99,0
2011,24058,sex,1,99,0
2011,11549,sex,1,99,0
2011,98559,sex,1,99,0
2011,71508,sex,1,99,0
2011,65662,sex,1,99,0
2011,66329,sex,1,99,0
2011,39577,sex,1,99,0
2011,79701,sex,1,99,0
2011,15621,sex,1,99,0
2011,97277,sex,1,99,0
2011,4839,sex,1,99,0
2011,71552,sex,1,99,0
2011,15948,sex,1,99,0
2011,24582,sex,1,99,0
2011,45802,sex,1,99,0
2011,36715,sex,1,99,0
2011,33866,sex,1,99,0
2011,29928,sex,1,99,0
2011,65650,sex,1,99,0
2011,16020,sex,1,99,0
2011,82309,sex,1,99,0
2011,59614,sex,1,99,0
2011,30857,sex,1,99,0
2011,5987,sex,1,99,0
2011,3489,sex,1,99,0
2011,82656,sex,1,99,0
2011,19205,sex,1,99,0
2011,71091,sex,1,99,0
2011,1991,sex,1,99,0
2011,7146,sex,1,99,0
2011,18039,sex,1,99,0
2011,89147,sex,1,99,0
2011,1630,sex,1,99,0
2011,56375,sex,1,99,0
2011,17832,sex,1,99,0
2011,3114,sex,1,99,0
2011,83014,sex,1,99,0
2011,18410,sex,1,99,0
2011,2253,sex,1,99,0
2011,36851,sex,1,99,0
2011,5355,sex,1,99,0
2011,66197,sex,1,99,0
2011,16743,sex,1,99,0
2011,12555,sex,1,99,0
2011,60040,sex,1,99,0
2011,68644,sex,1,99,0
2011,43321,sex,1,99,0
2011,19138,sex,1,99,0
2011,29514,sex,1,99,0
2011,25118,sex,1,99,0
2011,55178,sex,1,99,0
2011,96763,sex,1,99,0
2011,73495,sex,1,99,0
2011,73927,sex,1,99,0
2011,82715,sex,1,99,0
2011,84739,sex,1,99,0
2011,23351,sex,1,99,0
2011,47939,sex,1,99,0
2011,24189,sex,1,99,0
2011,95386,sex,1,99,0
2011,3510,sex,1,99,0
2011,34748,sex,1,99,0
2011,39645,sex,1,99,0
2011,56579,sex,1,99,0
2011,60646,sex,1,99,0
2011,52589,sex,1,99,0
2011,72623,sex,1,99,0
2011,76534,sex,1,99,0
2011,68649,sex,1,99,0
2011,2044,sex,1,99,0
2011,45672,sex,1,99,0
2011,29190,sex,1,99,0
2011,95749,sex,1,99,0
2011,59712,sex,1,99,0
2011,66956,sex,1,99,0
2011,84968,sex,1,99,0
2011,79029,sex,1,99,0
2011,94818,sex,1,99,0
2011,88863,sex,1,99,0
2011,45244,sex,1,99,0
2011,78659,sex,1,99,0
2011,68751,sex,1,99,0
2011,70180,sex,1,99,0
2011,51755,sex,1,99,0
2011,48245,sex,1,99,0
2011,88845,sex,1,99,0
2011,63450,sex,1,99,0
2011,28552,sex,1,99,0
2011,86060,sex,1,99,0
2011,848,sex,1,99,0
2011,30298,sex,1,99,0
2011,43768,sex,1,99,0
2011,37189,sex,1,99,0
2011,35616,sex,1,99,0
2011,62457,sex,1,99,0
2011,97229,sex,1,99,0
2011,88949,sex,1,99,0
2011,28976,sex,1,99,0
2011,85875,sex,1,99,0
2011,43907,sex,1,99,0
2011,90296,sex,1,99,0
2011,68395,sex,1,99,0
2011,96780,sex,1,99,0
2011,2698,sex,1,99,0
2011,89566,sex,1,99,0
2011,79017,sex,1,99,0
2011,26723,sex,1,99,0
2011,49312,sex,1,99,0
2011,60148,sex,1,99,0
2011,57129,sex,1,99,0
2011,64073,sex,1,99,0
2011,40655,sex,1,99,0
2011,50967,sex,1,99,0
2011,9576,sex,1,99,0
2011,17279,sex,1,99,0
2011,51690,sex,1,99,0
2011,62588,sex,1,99,0
2011,33121,sex,1,99,0
2011,49065,sex,1,99,0
2011,81881,sex,1,99,0
2011,37391,sex,1,99,0
2011,66554,sex,1,99,0
2011,72409,sex,1,99,0
2011,17502,sex,1,99,0
2011,64187,sex,1,99,0
2011,63900,sex,1,99,0
2011,36288,sex,1,99,0
2011,64610,sex,1,99,0
2011,84202,sex,1,99,0
2011,61415,sex,1,99,0
2011,74011,sex,1,99,0
2011,99575,sex,1,99,0
2011,58324,sex,1,99,0
2011,47896,sex,1,99,0
2011,86712,sex,1,99,0
2011,27541,sex,1,99,0
2011,47569,sex,1,99,0
2011,46324,sex,1,99,0
2011,98985,sex,1,99,0
2011,26782,sex,1,99,0
2011,93896,sex,1,99,0
2011,78934,sex,1,99,0
2011,51480,sex,1,99,0
2011,56045,sex,1,99,0
2011,27353,sex,1,99,0
2011,26778,sex,1,99,0
2011,4233,sex,1,99,0
2011,22577,sex,1,99,0
2011,49985,sex,1,99,0
2011,16986,sex,1,99,0
2011,65142,sex,1,99,0
2011,4400,sex,1,99,0
2011,93231,sex,1,99,0
2011,56454,sex,1,99,0
2011,40015,sex,1,99,0
2011,38209,sex,1,99,0
2011,90812,sex,1,99,0
2011,39263,sex,1,99,0
2011,63436,sex,1,99,0
2011,37846,sex,1,99,0
2011,10192,sex,1,99,0
2011,47166,sex,1,99,0
2011,39366,sex,1,99,0
2011,93770,sex,1,99,0
2011,70738,sex,1,99,0
2011,26855,sex,1,99,0
2011,33639,sex,1,99,0
2011,62166,sex,1,99,0
2011,83131,sex,1,99,0
2011,87578,sex,1,99,0
2011,9818,sex,1,99,0
2011,9512,sex,1,99,0
2011,56568,sex,1,99,0
2011,35977,sex,1,99,0
2011,789,sex,1,99,0
2011,59543,sex,1,99,0
2011,94716,sex,1,99,0
2011,40247,sex,1,99,0
2011,58022,sex,1,99,0
2011,69456,sex,1,99,0
2011,68938,sex,1,99,0
2011,71159,sex,1,99,0
2011,2205,sex,1,99,0
2011,84915,sex,1,99,0
2011,28283,sex,1,99,0
2011,9666,sex,1,99,0
2011,16022,sex,1,99,0
2011,2455,sex,1,99,0
2011,66451,sex,1,99,0
2011,62547,sex,1,99,0
2011,23699,sex,1,99,0
2011,42454,sex,1,99,0
2011,72664,sex,1,99,0
2011,49566,sex,1,99,0
2011,53490,sex,1,99,0
2011,58511,sex,1,99,0
2011,60544,sex,1,99,0
2011,34863,sex,1,99,0
2011,43502,sex,1,99,0
2011,18055,sex,1,99,0
2011,84664,sex,1,99,0
2011,47204,sex,1,99,0
2011,25088,sex,1,99,0
2011,56117,labor,1,1,1
2011,51706,labor,1,1,1
2011,93602,labor,1,1,1
2011,94265,labor,1,1,1
2011,81865,labor,1,1,1
2011,8412,labor,1,1,1
2011,33704,labor,1,1,1
2011,75075,labor,1,99,0
2011,24711,labor,1,99,0
2011,48674,labor,1,99,0
2011,70427,labor,1,99,0
2011,96770,labor,1,99,0
2011,77882,labor,1,99,0
2011,21611,labor,1,99,0
2011,42025,labor,1,99,0
2011,80293,labor,1,99,0
2011,31542,labor,1,99,0
2011,16692,labor,1,99,0
2011,9341,labor,1,99,0
2011,75759,labor,1,99,0
2011,11465,labor,1,99,0
2011,87898,labor,1,99,0
2011,63205,labor,1,99,0
2011,57422,labor,1,99,0
2011,14188,labor,1,99,0
2011,34016,labor,1,99,0
2011,6299,labor,1,99,0
2011,11615,labor,1,99,0
2011,94704,labor,1,99,0
2011,81803,labor,1,99,0
2011,32317,labor,1,99,0
2011,2818,labor,1,99,0
2011,25938,labor,1,99,0
2011,51508,labor,1,99,0
2011,40899,labor,1,99,0
2011,20761,labor,1,99,0
2011,17365,labor,1,99,0
2011,85060,labor,1,99,0
2011,43820,labor,1,99,0
2011,12876,labor,1,99,0
2011,9777,labor,1,99,0
2011,87147,labor,1,99,0
2011,62012,labor,1,99,0
2011,72903,labor,1,99,0
2011,49921,labor,1,99,0
2011,64072,labor,1,99,0
2011,49254,labor,1,99,0
2011,68744,labor,1,99,0
2011,97255,labor,1,99,0
2011,21957,labor,1,99,0
2011,86317,labor,1,99,0
2011,42118,labor,1,99,0
2011,38011,labor,1,99,0
2011,2831,labor,1,99,0
2011,79060,labor,1,99,0
2011,57627,labor,1,99,0
2011,64116,labor,1,99,0
2011,3280,labor,1,99,0
2011,24277,labor,1,99,0
2011,49783,labor,1,99,0
2011,72123,labor,1,99,0
2011,18561,labor,1,99,0
2011,18859,labor,1,99,0
2011,90274,labor,1,99,0
2011,48137,labor,1,99,0
2011,68233,labor,1,99,0
2011,43412,labor,1,99,0
2011,28817,labor,1,99,0
2011,66930,labor,1,99,0
2011,47709,labor,1,99,0
2011,71057,labor,1,99,0
2011,39822,labor,1,99,0
2011,22942,labor,1,99,0
2011,74728,labor,1,99,0
2011,97053,labor,1,99,0
2011,58701,labor,1,99,0
2011,15509,labor,1,99,0
2011,58231,labor,1,99,0
2011,15635,labor,1,99,0
2011,84683,labor,1,99,0
2011,25863,labor,1,99,0
2011,64386,labor,1,99,0
2011,13280,labor,1,99,0
2011,20355,labor,1,99,0
2011,8571,labor,1,99,0
2011,39656,labor,1,99,0
2011,41483,labor,1,99,0
2011,47795,labor,1,99,0
2011,63108,labor,1,99,0
2011,47394,labor,1,99,0
2011,3069,labor,1,99,0
2011,94064,labor,1,99,0
2011,42556,labor,1,99,0
2011,35454,labor,1,99,0
2011,75148,labor,1,99,0
2011,79772,labor,1,99,0
2011,95908,labor,1,99,0
2011,25868,labor,1,99,0
2011,96305,labor,1,99,0
2011,41901,labor,1,99,0
2011,41072,labor,1,99,0
2011,52204,labor,1,99,0
2011,7157,labor,1,99,0
2011,72203,labor,1,99,0
2011,39835,labor,1,99,0
2011,64457,labor,1,99,0
2011,64603,labor,1,99,0
2011,89153,labor,1,99,0
2011,43225,labor,1,99,0
2011,40942,labor,1,99,0
2011,14270,labor,1,99,0
2011,92379,labor,1,99,0
2011,83710,labor,1,99,0
2011,72811,labor,1,99,0
2011,38873,labor,1,99,0
2011,2143,labor,1,99,0
2011,97349,labor,1,99,0
2011,21195,labor,1,99,0
2011,2728,labor,1,99,0
2011,48117,labor,1,99,0
2011,25360,labor,1,99,0
2011,40775,labor,1,99,0
2011,98301,labor,1,99,0
2011,87607,labor,1,99,0
2011,61578,labor,1,99,0
2011,24739,labor,1,99,0
2011,31405,labor,1,99,0
2011,48825,labor,1,99,0
2011,49983,labor,1,99,0
2011,48998,labor,1,99,0
2011,85236,labor,1,99,0
2011,17910,labor,1,99,0
2011,6295,labor,1,99,0
2011,16820,labor,1,99,0
2011,16084,labor,1,99,0
2011,73814,labor,1,99,0
2011,17811,labor,1,99,0
2011,77335,labor,1,99,0
2011,6997,labor,1,99,0
2011,16461,labor,1,99,0
2011,51722,labor,1,99,0
2011,26383,labor,1,99,0
2011,43497,labor,1,99,0
2011,89208,labor,1,99,0
2011,15711,labor,1,99,0
2011,70864,labor,1,99,0
2011,72092,labor,1,99,0
2011,57061,labor,1,99,0
2011,4948,labor,1,99,0
2011,31283,labor,1,99,0
2011,93514,labor,1,99,0
2011,97650,labor,1,99,0
2011,9031,labor,1,99,0
2011,9746,labor,1,99,0
2011,85263,labor,1,99,0
2011,50590,labor,1,99,0
2011,76139,labor,1,99,0
2011,94244,labor,1,99,0
2011,45002,labor,1,99,0
2011,30853,labor,1,99,0
2011,49166,labor,1,99,0
2011,64365,labor,1,99,0
2011,74128,labor,1,99,0
2011,91169,labor,1,99,0
2011,34632,labor,1,99,0
2011,28019,labor,1,99,0
2011,65233,labor,1,99,0
2011,32623,labor,1,99,0
2011,40189,labor,1,99,0
2011,56126,labor,1,99,0
2011,81932,labor,1,99,0
2011,39835,labor,1,99,0
2011,10753,labor,1,99,0
2011,6726,labor,1,99,0
2011,82437,labor,1,99,0
2011,70481,labor,1,99,0
2011,43203,labor,1,99,0
2011,69838,labor,1,99,0
2011,63791,labor,1,99,0
2012,29273,sex,1,1,1
2012,51119,sex,1,1,1
2012,71770,sex,1,1,1
2012,53155,sex,1,1,1
2012,84855,sex,1,1,1
2012,33442,sex,1,1,1
2012,21403,sex,1,1,1
2012,94492,sex,1,1,1
2012,77226,sex,1,1,1
2012,38770,sex,1,1,1
2012,5181,sex,1,1,1
2012,89624,sex,1,1,1
2012,12333,sex,1,1,1
2012,51564,sex,1,1,1
2012,50806,sex,1,1,1
2012,89612,sex,1,1,1
2012,57236,sex,1,1,1
2012,96855,sex,1,1,1
2012,23230,sex,1,1,1
2012,9449,sex,1,1,1
2012,87450,sex,1,1,1
2012,34893,sex,1,1,1
2012,43864,sex,1,1,1
2012,30861,sex,1,1,1
2012,20551,sex,1,1,1
2012,79042,sex,1,1,1
2012,99902,sex,1,1,1
2012,73336,sex,1,1,1
2012,40806,sex,1,1,1
2012,96736,sex,1,1,1
2012,60073,sex,1,1,1
2012,87677,sex,1,1,1
2012,48514,sex,1,1,1
2012,71870,sex,1,1,1
2012,85681,sex,1,1,1
2012,50488,sex,1,1,1
2012,59194,sex,1,1,1
2012,88453,sex,1,1,1
2012,67222,sex,1,1,1
2012,60948,sex,1,1,1
2012,87232,sex,1,1,1
2012,16650,sex,1,1,0
2012,22077,sex,1,1,0
2012,98797,sex,1,1,0
2012,98038,sex,1,1,0
2012,75529,sex,1,1,0
2012,2999,sex,1,1,0
2012,1151,sex,1,1,0
2012,88411,sex,1,1,0
2012,92871,sex,1,1,0
2012,91973,sex,1,1,0
2012,84295,sex,1,1,0
2012,70512,sex,1,1,0
2012,26313,sex,1,1,0
2012,7548,sex,1,1,0
2012,83778,sex,1,1,0
2012,1952,sex,1,1,0
2012,75371,sex,1,1,0
2012,46049,sex,1,1,0
2012,64780,sex,1,1,0
2012,36064,sex,1,1,0
2012,26673,sex,1,1,0
2012,47285,sex,1,1,0
2012,76975,sex,1,1,0
2012,93394,sex,1,1,0
2012,13000,sex,1,1,0
2012,7844,sex,1,1,0
2012,55343,sex,1,1,0
2012,25467,sex,1,1,0
2012,66127,sex,1,1,0
2012,46930,sex,1,1,0
2012,7426,sex,1,1,0
2012,90248,sex,1,1,0
2012,29762,sex,1,1,0
2012,62534,sex,1,1,0
2012,60198,sex,1,1,0
2012,91903,sex,1,1,0
2012,75120,sex,1,1,0
2012,87099,sex,1,1,0
2012,6158,sex,1,1,0
2012,61674,sex,1,1,0
2012,89144,sex,1,1,0
2012,6364,sex,1,1,0
2012,75599,sex,1,1,0
2012,45035,sex,1,1,0
2012,43260,sex,1,1,0
2012,17362,sex,1,1,0
2012,89719,sex,1,1,0
2012,64756,sex,1,1,0
2012,53830,sex,1,1,0
2012,6608,sex,1,1,0
2012,84694,sex,1,1,0
2012,86081,sex,1,1,0
2012,89512,sex,1,1,0
2012,48520,sex,1,1,0
2012,78919,sex,1,1,0
2012,64666,sex,1,1,0
2012,64647,sex,1,1,0
2012,46800,sex,1,1,0
2012,98482,sex,1,1,0
2012,27350,sex,1,1,0
2012,75388,sex,1,1,0
2012,20583,sex,1,1,0
2012,21806,sex,1,1,0
2012,93543,sex,1,1,0
2012,42656,sex,1,1,0
2012,63644,sex,1,1,0
2012,77983,sex,1,1,0
2012,45022,sex,1,1,0
2012,95296,sex,1,1,0
2012,8406,sex,1,1,0
2012,97917,sex,1,1,0
2012,3357,sex,1,1,0
2012,6997,sex,1,1,0
2012,45636,sex,1,1,0
2012,66587,sex,1,1,0
2012,44353,sex,1,1,0
2012,12966,sex,1,1,0
2012,99572,sex,1,1,0
2012,88402,sex,1,1,0
2012,55880,sex,1,1,0
2012,745,sex,1,1,0
2012,35578,sex,1,1,0
2012,47366,sex,1,1,0
2012,86588,sex,1,1,0
2012,1778,sex,1,1,0
2012,8354,sex,1,1,0
2012,22870,sex,1,1,0
2012,67095,sex,1,1,0
2012,93722,sex,1,1,0
2012,11825,sex,1,1,0
2012,79426,sex,1,1,0
2012,51451,sex,1,1,0
2012,79926,sex,1,1,0
2012,91598,sex,1,1,0
2012,82119,sex,1,1,0
2012,74030,sex,1,1,0
2012,35378,sex,1,1,0
2012,16981,sex,1,1,0
2012,13564,sex,1,1,0
2012,9622,sex,1,1,0
2012,18185,sex,1,1,0
2012,51568,sex,1,1,0
2012,4301,sex,1,1,0
2012,12557,sex,1,1,0
2012,77179,sex,1,1,0
2012,22737,sex,1,1,0
2012,17329,sex,1,1,0
2012,29098,sex,1,1,0
2012,39392,sex,1,1,0
2012,13717,sex,1,1,0
2012,69531,sex,1,1,0
2012,20148,sex,1,1,0
2012,22099,sex,1,1,0
2012,46952,sex,1,1,0
2012,53497,sex,1,1,0
2012,30255,sex,1,1,0
2012,94123,sex,1,1,0
2012,38740,sex,1,1,0
2012,62086,sex,1,1,0
2012,58915,sex,1,1,0
2012,14305,sex,1,1,0
2012,18118,sex,1,1,0
2012,15398,sex,1,1,0
2012,25977,sex,1,1,0
2012,2835,sex,1,1,0
2012,76862,sex,1,1,0
2012,16556,sex,1,1,0
2012,30934,sex,1,1,0
2012,98270,sex,1,1,0
2012,41873,sex,1,1,0
2012,96167,sex,1,1,0
2012,36481,sex,1,1,0
2012,94291,sex,1,1,0
2012,89857,sex,1,1,0
2012,8225,sex,1,1,0
2012,21394,sex,1,1,0
2012,63930,sex,1,1,0
2012,99092,sex,1,1,0
2012,15478,sex,1,1,0
2012,11681,sex,1,1,0
2012,21428,sex,1,1,0
2012,13896,sex,1,1,0
2012,84478,sex,1,1,0
2012,78584,sex,1,1,0
2012,61446,sex,1,1,0
2012,16021,sex,1,1,0
2012,58465,sex,1,1,0
2012,24803,sex,1,1,0
2012,69957,sex,1,1,0
2012,96156,sex,1,1,0
2012,51067,sex,1,1,0
2012,38557,sex,1,1,0
2012,56864,sex,1,1,0
2012,52421,sex,1,1,0
2012,18623,sex,1,1,0
2012,83883,sex,1,1,0
2012,70621,sex,1,1,0
2012,1514,sex,1,1,0
2012,68649,sex,1,1,0
2012,23461,sex,1,1,0
2012,56668,sex,1,1,0
2012,86618,sex,1,1,0
2012,7936,sex,1,1,0
2012,53830,sex,1,1,0
2012,85264,sex,1,1,0
2012,83515,sex,1,1,0
2012,97845,sex,1,1,0
2012,27514,sex,1,1,0
2012,57673,sex,1,1,0
2012,17964,sex,1,1,0
2012,54007,sex,1,1,0
2012,53867,sex,1,1,0
2012,52131,sex,1,1,0
2012,23651,sex,1,1,0
2012,10938,sex,1,1,0
2012,99419,sex,1,1,0
2012,59362,sex,1,1,0
2012,70633,sex,1,1,0
2012,52330,sex,1,1,0
2012,73894,sex,1,1,0
2012,33583,sex,1,1,0
2012,85584,sex,1,1,0
2012,59484,sex,1,1,0
2012,95649,sex,1,1,0
2012,62502,sex,1,1,0
2012,16224,sex,1,1,0
2012,63530,sex,1,1,0
2012,64419,sex,1,1,0
2012,82850,sex,1,1,0
2012,677,sex,1,1,0
2012,50040,sex,1,1,0
2012,28118,sex,1,1,0
2012,5353,sex,1,1,0
2012,97887,sex,1,1,0
2012,77853,sex,1,1,0
2012,87640,sex,1,1,0
2012,71772,sex,1,1,0
2012,77821,sex,1,1,0
2012,22724,sex,1,1,0
2012,1413,sex,1,1,0
2012,72967,sex,1,1,0
2012,30478,sex,1,1,0
2012,34825,sex,1,99,0
2012,35643,sex,1,99,0
2012,12298,sex,1,99,0
2012,14100,sex,1,99,0
2012,93057,sex,1,99,0
2012,19282,sex,1,99,0
2012,18316,sex,1,99,0
2012,41008,sex,1,99,0
2012,42471,sex,1,99,0
2012,77733,sex,1,99,0
2012,73100,sex,1,99,0
2012,88940,sex,1,99,0
2012,41968,sex,1,99,0
2012,83221,sex,1,99,0
2012,24923,sex,1,99,0
2012,8741,sex,1,99,0
2012,5731,sex,1,99,0
2012,43936,sex,1,99,0
2012,27307,sex,1,99,0
2012,61293,sex,1,99,0
2012,38472,sex,1,99,0
2012,62756,sex,1,99,0
2012,53035,sex,1,99,0
2012,52800,sex,1,99,0
2012,21502,sex,1,99,0
2012,77921,sex,1,99,0
2012,82343,sex,1,99,0
2012,81999,sex,1,99,0
2012,83049,sex,1,99,0
2012,47979,sex,1,99,0
2012,3047,sex,1,99,0
2012,84640,sex,1,99,0
2012,39086,sex,1,99,0
2012,84609,sex,1,99,0
2012,24142,sex,1,99,0
2012,26009,sex,1,99,0
2012,89737,sex,1,99,0
2012,24781,sex,1,99,0
2012,31128,sex,1,99,0
2012,81737,sex,1,99,0
2012,56858,sex,1,99,0
2012,18528,sex,1,99,0
2012,10695,sex,1,99,0
2012,66187,sex,1,99,0
2012,92910,sex,1,99,0
2012,6268,sex,1,99,0
2012,46053,sex,1,99,0
2012,2146,sex,1,99,0
2012,56908,sex,1,99,0
2012,7740,sex,1,99,0
2012,14193,sex,1,99,0
2012,39236,sex,1,99,0
2012,10242,sex,1,99,0
2012,22241,sex,1,99,0
2012,54884,sex,1,99,0
2012,71326,sex,1,99,0
2012,29313,sex,1,99,0
2012,61074,sex,1,99,0
2012,39847,sex,1,99,0
2012,51196,sex,1,99,0
2012,95975,sex,1,99,0
2012,81673,sex,1,99,0
2012,23345,sex,1,99,0
2012,14283,sex,1,99,0
2012,76654,sex,1,99,0
2012,1971,sex,1,99,0
2012,7908,sex,1,99,0
2012,79155,sex,1,99,0
2012,32914,sex,1,99,0
2012,64854,sex,1,99,0
2012,66997,sex,1,99,0
2012,35439,sex,1,99,0
2012,72946,sex,1,99,0
2012,22440,sex,1,99,0
2012,58031,sex,1,99,0
2012,3326,sex,1,99,0
2012,31569,sex,1,99,0
2012,63686,sex,1,99,0
2012,54453,sex,1,99,0
2012,74216,sex,1,99,0
2012,79053,sex,1,99,0
2012,63166,sex,1,99,0
2012,93380,sex,1,99,0
2012,28489,sex,1,99,0
2012,39145,sex,1,99,0
2012,1375,sex,1,99,0
2012,53631,sex,1,99,0
2012,25755,sex,1,99,0
2012,63407,sex,1,99,0
2012,27225,sex,1,99,0
2012,31097,sex,1,99,0
2012,15028,sex,1,99,0
2012,83709,sex,1,99,0
2012,86776,sex,1,99,0
2012,62706,sex,1,99,0
2012,38169,sex,1,99,0
2012,18211,sex,1,99,0
2012,88006,sex,1,99,0
2012,72788,sex,1,99,0
2012,7458,sex,1,99,0
2012,24683,sex,1,99,0
2012,47277,sex,1,99,0
2012,55785,sex,1,99,0
2012,77400,sex,1,99,0
2012,43370,sex,1,99,0
2012,97016,sex,1,99,0
2012,99786,sex,1,99,0
2012,62011,sex,1,99,0
2012,64034,sex,1,99,0
2012,86742,sex,1,99,0
2012,71600,sex,1,99,0
2012,87473,sex,1,99,0
2012,14092,sex,1,99,0
2012,30589,sex,1,99,0
2012,27751,sex,1,99,0
2012,81776,sex,1,99,0
2012,89602,sex,1,99,0
2012,35636,sex,1,99,0
2012,57029,sex,1,99,0
2012,61774,sex,1,99,0
2012,88908,sex,1,99,0
2012,18570,sex,1,99,0
2012,46425,sex,1,99,0
2012,2444,sex,1,99,0
2012,10040,sex,1,99,0
2012,98351,sex,1,99,0
2012,14796,sex,1,99,0
2012,45695,sex,1,99,0
2012,61805,sex,1,99,0
2012,36742,sex,1,99,0
2012,13356,sex,1,99,0
2012,18418,sex,1,99,0
2012,55300,sex,1,99,0
2012,2168,sex,1,99,0
2012,92329,sex,1,99,0
2012,32254,sex,1,99,0
2012,88055,sex,1,99,0
2012,76520,sex,1,99,0
2012,96420,sex,1,99,0
2012,20267,sex,1,99,0
2012,28475,sex,1,99,0
2012,63565,sex,1,99,0
2012,57307,sex,1,99,0
2012,86054,sex,1,99,0
2012,28282,sex,1,99,0
2012,83574,sex,1,99,0
2012,6396,sex,1,99,0
2012,80545,sex,1,99,0
2012,78395,sex,1,99,0
2012,80217,sex,1,99,0
2012,48580,sex,1,99,0
2012,66506,sex,1,99,0
2012,13338,sex,1,99,0
2012,22049,sex,1,99,0
2012,87633,sex,1,99,0
2012,85577,sex,1,99,0
2012,56585,sex,1,99,0
2012,34283,sex,1,99,0
2012,82078,sex,1,99,0
2012,1180,sex,1,99,0
2012,84128,sex,1,99,0
2012,33711,sex,1,99,0
2012,10742,sex,1,99,0
2012,2960,sex,1,99,0
2012,46901,sex,1,99,0
2012,98294,labor,1,1,1
2012,97255,labor,1,99,0
2012,40748,labor,1,99,0
2012,83488,labor,1,99,0
2012,23429,labor,1,99,0
2012,75234,labor,1,99,0
2012,55336,labor,1,99,0
2012,74336,labor,1,99,0
2012,73745,labor,1,99,0
2012,57944,labor,1,99,0
2012,25244,labor,1,99,0
2012,19726,labor,1,99,0
2012,48977,labor,1,99,0
2012,71899,labor,1,99,0
2012,74732,labor,1,99,0
2012,84074,labor,1,99,0
2012,77363,labor,1,99,0
2012,58230,labor,1,99,0
2012,48557,labor,1,99,0
2012,34677,labor,1,99,0
2012,15801,labor,1,99,0
2012,99337,labor,1,99,0
2012,68192,labor,1,99,0
2012,73651,labor,1,99,0
2012,21488,labor,1,99,0
2012,97329,labor,1,99,0
2012,67836,labor,1,99,0
2012,678,labor,1,99,0
2012,70186,labor,1,99,0
2012,62000,labor,1,99,0
2012,79999,labor,1,99,0
2012,1773,labor,1,99,0
2012,9199,labor,1,99,0
2012,453,labor,1,99,0
2012,67996,labor,1,99,0
2012,18465,labor,1,99,0
2012,17532,labor,1,99,0
2012,15030,labor,1,99,0
2012,23391,labor,1,99,0
2012,61340,labor,1,99,0
2012,69937,labor,1,99,0
2012,95064,labor,1,99,0
2012,62015,labor,1,99,0
2012,16267,labor,1,99,0
2012,59786,labor,1,99,0
2012,77810,labor,1,99,0
2012,4064,labor,1,99,0
2012,86027,labor,1,99,0
2012,8390,labor,1,99,0
2012,28720,labor,1,99,0
2012,11161,labor,1,99,0
2012,68836,labor,1,99,0
2012,98230,labor,1,99,0
2012,77846,labor,1,99,0
2012,22333,labor,1,99,0
2012,37068,labor,1,99,0
2012,99640,labor,1,99,0
2013,43330,sex,1,1,1
2013,79850,sex,1,1,1
2013,49971,sex,1,1,1
2013,62738,sex,1,1,1
2013,18484,sex,1,1,1
2013,12939,sex,1,1,1
2013,47673,sex,1,1,1
2013,80542,sex,1,1,1
2013,84957,sex,1,1,1
2013,22920,sex,1,1,1
2013,38738,sex,1,1,1
2013,30790,sex,1,1,1
2013,74505,sex,1,1,1
2013,47129,sex,1,1,1
2013,16196,sex,1,1,1
2013,38399,sex,1,1,1
2013,15990,sex,1,1,1
2013,24286,sex,1,1,1
2013,61594,sex,1,1,1
2013,7634,sex,1,1,1
2013,37326,sex,1,1,1
2013,82833,sex,1,1,1
2013,92301,sex,1,1,0
2013,19399,sex,1,1,0
2013,83699,sex,1,1,0
2013,1533,sex,1,1,0
2013,64484,sex,1,1,0
2013,64885,sex,1,1,0
2013,49138,sex,1,1,0
2013,37932,sex,1,1,0
2013,76988,sex,1,1,0
2013,23638,sex,1,1,0
2013,56728,sex,1,1,0
2013,41151,sex,1,1,0
2013,23932,sex,1,1,0
2013,74288,sex,1,1,0
2013,82713,sex,1,1,0
2013,50906,sex,1,1,0
2013,86051,sex,1,1,0
2013,61348,sex,1,1,0
2013,58651,sex,1,1,0
2013,63751,sex,1,1,0
2013,68858,sex,1,1,0
2013,42059,sex,1,1,0
2013,18668,sex,1,1,0
2013,71056,sex,1,1,0
2013,70329,sex,1,1,0
2013,76723,sex,1,1,0
2013,51562,sex,1,1,0
2013,5159,sex,1,1,0
2013,83388,sex,1,1,0
2013,24368,sex,1,1,0
2013,12835,sex,1,1,0
2013,79257,sex,1,1,0
2013,14000,sex,1,1,0
2013,90534,sex,1,1,0
2013,12205,sex,1,1,0
2013,75791,sex,1,1,0
2013,78236,sex,1,1,0
2013,90014,sex,1,1,0
2013,67648,sex,1,1,0
2013,57970,sex,1,1,0
2013,63728,sex,1,1,0
2013,95630,sex,1,1,0
2013,68237,sex,1,1,0
2013,61990,sex,1,1,0
2013,74119,sex,1,1,0
2013,33422,sex,1,1,0
2013,62577,sex,1,1,0
2013,98092,sex,1,1,0
2013,81029,sex,1,1,0
2013,80460,sex,1,1,0
2013,93629,sex,1,1,0
2013,11109,sex,1,1,0
2013,95280,sex,1,1,0
2013,62924,sex,1,1,0
2013,72058,sex,1,1,0
2013,89958,sex,1,1,0
2013,92196,sex,1,1,0
2013,48153,sex,1,1,0
2013,23999,sex,1,1,0
2013,88460,sex,1,1,0
2013,1050,sex,1,1,0
2013,68924,sex,1,1,0
2013,3026,sex,1,1,0
2013,20411,sex,1,1,0
2013,3180,sex,1,1,0
2013,65284,sex,1,1,0
2013,52017,sex,1,1,0
2013,48115,sex,1,1,0
2013,76678,sex,1,1,0
2013,96971,sex,1,1,0
2013,35379,sex,1,1,0
2013,3752,sex,1,1,0
2013,95041,sex,1,1,0
2013,79034,sex,1,1,0
2013,82521,sex,1,1,0
2013,80374,sex,1,1,0
2013,10156,sex,1,1,0
2013,36108,sex,1,1,0
2013,70348,sex,1,1,0
2013,12198,sex,1,1,0
2013,73477,sex,1,1,0
2013,80693,sex,1,1,0
2013,92737,sex,1,1,0
2013,25413,sex,1,1,0
2013,8812,sex,1,1,0
2013,53207,sex,1,1,0
2013,32737,sex,1,1,0
2013,4213,sex,1,1,0
2013,11370,sex,1,1,0
2013,56149,sex,1,1,0
2013,15587,sex,1,1,0
2013,59056,sex,1,1,0
2013,93451,sex,1,1,0
2013,46363,sex,1,1,0
2013,63767,sex,1,1,0
2013,66887,sex,1,1,0
2013,34247,sex,1,1,0
2013,30502,sex,1,1,0
2013,52452,sex,1,1,0
2013,6712,sex,1,1,0
2013,72784,sex,1,1,0
2013,54153,sex,1,1,0
2013,78776,sex,1,1,0
2013,96707,sex,1,1,0
2013,24949,sex,1,1,0
2013,6520,sex,1,1,0
2013,41600,sex,1,1,0
2013,31020,sex,1,1,0
2013,23011,sex,1,1,0
2013,76206,sex,1,1,0
2013,12180,sex,1,1,0
2013,60457,sex,1,1,0
2013,2128,sex,1,1,0
2013,46278,sex,1,1,0
2013,35323,sex,1,1,0
2013,97907,sex,1,1,0
2013,38800,sex,1,1,0
2013,86829,sex,1,1,0
2013,24847,sex,1,1,0
2013,40819,sex,1,1,0
2013,54252,sex,1,1,0
2013,24956,sex,1,1,0
2013,56652,sex,1,1,0
2013,66121,sex,1,1,0
2013,28637,sex,1,1,0
2013,96844,sex,1,1,0
2013,26000,sex,1,1,0
2013,63081,sex,1,1,0
2013,58254,sex,1,1,0
2013,68428,sex,1,1,0
2013,42996,sex,1,1,0
2013,28337,sex,1,1,0
2013,21660,sex,1,1,0
2013,84222,sex,1,1,0
2013,17034,sex,1,1,0
2013,56598,sex,1,1,0
2013,97620,sex,1,1,0
2013,83519,sex,1,1,0
2013,30869,sex,1,1,0
2013,52656,sex,1,1,0
2013,87046,sex,1,1,0
2013,12044,sex,1,1,0
2013,62728,sex,1,1,0
2013,46420,sex,1,1,0
2013,26235,sex,1,1,0
2013,66054,sex,1,1,0
2013,44098,sex,1,1,0
2013,40558,sex,1,1,0
2013,95456,sex,1,1,0
2013,92446,sex,1,1,0
2013,8366,sex,1,1,0
2013,43806,sex,1,1,0
2013,98361,sex,1,1,0
2013,6565,sex,1,1,0
2013,97762,sex,1,1,0
2013,59036,sex,1,1,0
2013,71945,sex,1,1,0
2013,64623,sex,1,1,0
2013,86636,sex,1,1,0
2013,82785,sex,1,1,0
2013,61605,sex,1,1,0
2013,8931,sex,1,1,0
2013,34973,sex,1,1,0
2013,67671,sex,1,1,0
2013,62721,sex,1,1,0
2013,23885,sex,1,1,0
2013,68849,sex,1,1,0
2013,70634,sex,1,1,0
2013,39927,sex,1,1,0
2013,36114,sex,1,1,0
2013,86522,sex,1,1,0
2013,94504,sex,1,1,0
2013,69150,sex,1,1,0
2013,90482,sex,1,1,0
2013,12219,sex,1,1,0
2013,39742,sex,1,1,0
2013,23651,sex,1,1,0
2013,39753,sex,1,1,0
2013,54108,sex,1,1,0
2013,10566,sex,1,1,0
2013,99454,sex,1,0,0
2013,40636,sex,1,0,0
2013,90711,sex,1,0,0
2013,32234,sex,1,0,0
2013,4863,sex,1,0,0
2013,2739,sex,1,0,0
2013,59458,sex,1,0,0
2013,97861,sex,1,0,0
2013,95194,sex,1,0,0
2013,4298,sex,1,0,0
2013,10471,sex,1,0,0
2013,90401,sex,1,0,0
2013,10189,sex,1,0,0
2013,59414,sex,1,0,0
2013,6363,sex,1,0,0
2013,3422,sex,1,0,0
2013,2261,sex,1,0,0
2013,43778,labor,1,1,1
2013,3842,labor,1,1,0
2013,44021,labor,1,1,0
2013,37017,labor,1,1,0
2013,1757,labor,1,1,0
2013,47257,labor,1,1,0
2013,39436,labor,1,1,0
2013,70054,labor,1,1,0
2013,32187,labor,1,1,0
2013,44365,labor,1,1,0
2013,91746,labor,1,1,0
2013,6553,labor,1,1,0
2013,15129,labor,1,1,0
2013,43418,labor,1,1,0
2013,32404,labor,1,1,0
2013,11184,labor,1,1,0
2013,28033,labor,1,1,0
2013,7541,labor,1,1,0
2013,9246,labor,1,1,0
2013,78187,labor,1,1,0
2013,66970,labor,1,1,0
2013,22115,labor,1,1,0
2013,4976,labor,1,1,0
2013,73343,labor,1,1,0
2013,76696,labor,1,1,0
2013,70914,labor,1,1,0
2013,72679,labor,1,1,0
2013,98642,labor,1,1,0
2013,7092,labor,1,1,0
2013,67825,labor,1,1,0
2013,71423,labor,1,1,0
2013,87669,labor,1,1,0
2013,46865,labor,1,1,0
2013,54171,labor,1,1,0
2013,32437,labor,1,1,0
2013,32750,labor,1,1,0
2013,56902,labor,1,1,0
2013,34407,labor,1,1,0
2013,92015,labor,1,1,0
2013,74309,labor,1,1,0
2013,55753,labor,1,1,0
2013,4538,labor,1,1,0
2013,40465,labor,1,1,0
2013,80830,labor,1,1,0
2013,14487,labor,1,1,0
2013,6730,labor,1,1,0
2013,82076,labor,1,1,0
2013,39811,labor,1,1,0
2013,10171,labor,1,1,0
2013,65979,labor,1,1,0
2013,21000,labor,1,1,0
2013,84830,labor,1,1,0
2013,8728,labor,1,1,0
2013,6606,labor,1,1,0
2013,40373,labor,1,1,0
2013,11936,labor,1,1,0
2013,31437,labor,1,1,0
2013,60535,labor,1,1,0
2013,64466,labor,1,1,0
2013,98249,labor,1,1,0
2013,79396,labor,1,1,0
2013,14753,labor,1,0,0
2013,10144,labor,1,0,0
2013,98606,labor,1,0,0
2013,93740,labor,1,0,0
2013,43024,labor,1,0,0
2013,3941,labor,1,0,0
2013,17001,labor,1,0,0
2013,72588,labor,1,0,0
2013,16996,labor,1,0,0
2013,47873,labor,1,0,0
2013,62081,labor,1,0,0
2013,15642,labor,1,0,0
2013,83637,labor,1,0,0
2013,10485,labor,1,0,0
2013,83875,labor,1,0,0
2013,84156,labor,1,0,0
2013,59693,labor,1,0,0
2013,13932,labor,1,0,0
2013,88546,labor,1,0,0
2013,40970,labor,1,0,0
2013,36044,labor,1,0,0
2013,19042,labor,1,0,0
2013,52494,labor,1,0,0
2013,94948,labor,1,0,0
2013,89137,labor,1,0,0
2013,79760,labor,1,0,0
2013,72954,labor,1,0,0
2013,22996,labor,1,0,0
2013,35797,labor,1,0,0
2013,68293,labor,1,0,0
2013,7993,labor,1,0,0
2013,81441,labor,1,0,0
2013,56000,labor,1,0,0
2013,96135,labor,1,0,0
2013,59866,labor,1,0,0
2013,41491,labor,1,0,0
2013,91447,labor,1,0,0
2013,14470,labor,1,0,0
2013,3689,labor,1,0,0
2013,48685,labor,1,0,0
2013,19456,labor,1,0,0
2013,31581,labor,1,0,0
2014,45377,sex,1,1,1
2014,19436,sex,1,1,1
2014,35883,sex,1,1,1
2014,24796,sex,1,1,1
2014,53597,sex,1,1,1
2014,49940,sex,1,1,1
2014,53033,sex,1,1,1
2014,1882,sex,1,1,1
2014,5479,sex,1,1,1
2014,88301,sex,1,1,1
2014,20925,sex,1,1,1
2014,91904,sex,1,1,1
2014,46474,sex,1,1,1
2014,75223,sex,1,1,1
2014,8521,sex,1,1,1
2014,59891,sex,1,1,1
2014,80124,sex,1,1,1
2014,57210,sex,1,1,1
2014,37506,sex,1,1,0
2014,60802,sex,1,1,0
2014,54342,sex,1,1,0
2014,73473,sex,1,1,0
2014,97182,sex,1,1,0
2014,32005,sex,1,1,0
2014,30504,sex,1,1,0
2014,40146,sex,1,1,0
2014,70138,sex,1,1,0
2014,6322,sex,1,1,0
2014,38760,sex,1,1,0
2014,98853,sex,1,1,0
2014,72401,sex,1,1,0
2014,40688,sex,1,1,0
2014,88108,sex,1,1,0
2014,39089,sex,1,1,0
2014,69888,sex,1,1,0
2014,80349,sex,1,1,0
2014,27611,sex,1,1,0
2014,61868,sex,1,1,0
2014,62531,sex,1,1,0
2014,80064,sex,1,1,0
2014,24016,sex,1,1,0
2014,7091,sex,1,1,0
2014,18418,sex,1,1,0
2014,24155,sex,1,1,0
2014,51128,sex,1,1,0
2014,75699,sex,1,1,0
2014,82341,sex,1,1,0
2014,92439,sex,1,1,0
2014,5051,sex,1,1,0
2014,16772,sex,1,1,0
2014,76234,sex,1,1,0
2014,67693,sex,1,1,0
2014,26932,sex,1,1,0
2014,11964,sex,1,1,0
2014,33047,sex,1,1,0
2014,49087,sex,1,1,0
2014,35320,sex,1,1,0
2014,19050,sex,1,1,0
2014,14744,sex,1,1,0
2014,32839,sex,1,1,0
2014,38974,sex,1,1,0
2014,53263,sex,1,1,0
2014,69179,sex,1,1,0
2014,93257,sex,1,1,0
2014,88823,sex,1,1,0
2014,35887,sex,1,1,0
2014,99794,sex,1,1,0
2014,9204,sex,1,1,0
2014,10466,sex,1,1,0
2014,56848,sex,1,1,0
2014,91365,sex,1,1,0
2014,10095,sex,1,1,0
2014,25131,sex,1,1,0
2014,63825,sex,1,1,0
2014,35925,sex,1,1,0
2014,46925,sex,1,1,0
2014,92465,sex,1,1,0
2014,74865,sex,1,1,0
2014,13322,sex,1,1,0
2014,68766,sex,1,1,0
2014,91069,sex,1,1,0
2014,10371,sex,1,1,0
2014,39647,sex,1,1,0
2014,89327,sex,1,1,0
2014,48615,sex,1,1,0
2014,10117,sex,1,1,0
2014,77586,sex,1,1,0
2014,92713,sex,1,1,0
2014,40166,sex,1,1,0
2014,87996,sex,1,1,0
2014,51872,sex,1,1,0
2014,25381,sex,1,1,0
2014,82926,sex,1,1,0
2014,59079,sex,1,1,0
2014,24886,sex,1,1,0
2014,26331,sex,1,1,0
2014,47267,sex,1,1,0
2014,10542,sex,1,1,0
2014,70072,sex,1,1,0
2014,43669,sex,1,1,0
2014,26659,sex,1,1,0
2014,75605,sex,1,1,0
2014,9495,sex,1,1,0
2014,95725,sex,1,1,0
2014,95244,sex,1,1,0
2014,3136,sex,1,1,0
2014,28710,sex,1,1,0
2014,66535,sex,1,1,0
2014,44360,sex,1,1,0
2014,86635,sex,1,1,0
2014,80467,sex,1,1,0
2014,35661,sex,1,1,0
2014,84821,sex,1,1,0
2014,49329,sex,1,1,0
2014,61213,sex,1,1,0
2014,25319,sex,1,1,0
2014,38191,sex,1,1,0
2014,43213,sex,1,1,0
2014,29606,sex,1,1,0
2014,57174,sex,1,1,0
2014,42026,sex,1,1,0
2014,38811,sex,1,1,0
2014,3742,sex,1,1,0
2014,90400,sex,1,1,0
2014,88505,sex,1,1,0
2014,19657,sex,1,1,0
2014,57418,sex,1,1,0
2014,72201,sex,1,1,0
2014,39675,sex,1,1,0
2014,83256,sex,1,1,0
2014,35258,sex,1,1,0
2014,34660,sex,1,1,0
2014,76313,sex,1,1,0
2014,88436,sex,1,1,0
2014,57722,sex,1,1,0
2014,4470,sex,1,1,0
2014,77002,sex,1,1,0
2014,52196,sex,1,1,0
2014,4785,sex,1,1,0
2014,63168,sex,1,1,0
2014,31622,sex,1,1,0
2014,19077,sex,1,1,0
2014,62294,sex,1,1,0
2014,4459,sex,1,1,0
2014,90937,sex,1,1,0
2014,12185,sex,1,1,0
2014,34775,sex,1,0,0
2014,81421,sex,1,0,0
2014,97220,sex,1,0,0
2014,69284,sex,1,0,0
2014,79852,sex,1,0,0
2014,41759,sex,1,0,0
2014,80370,sex,1,0,0
2014,33560,labor,1,1,1
2014,22652,labor,1,1,1
2014,86603,labor,1,1,1
2014,23070,labor,1,1,1
2014,3110,labor,1,1,0
2014,2504,labor,1,1,0
2014,43655,labor,1,1,0
2014,46735,labor,1,1,0
2014,97729,labor,1,1,0
2014,65587,labor,1,1,0
2014,37909,labor,1,1,0
2014,57007,labor,1,1,0
2014,96535,labor,1,1,0
2014,64545,labor,1,1,0
2014,92046,labor,1,1,0
2014,75785,labor,1,1,0
2014,418,labor,1,1,0
2014,21683,labor,1,1,0
2014,19387,labor,1,1,0
2014,19594,labor,1,1,0
2014,47588,labor,1,1,0
2014,13101,labor,1,1,0
2014,72665,labor,1,1,0
2014,26820,labor,1,1,0
2014,5349,labor,1,1,0
2014,40443,labor,1,1,0
2014,66514,labor,1,1,0
2014,16658,labor,1,1,0
2014,75596,labor,1,1,0
2014,16714,labor,1,1,0
2014,70366,labor,1,1,0
2014,35054,labor,1,1,0
2014,71902,labor,1,0,0
2014,84261,labor,1,0,0
2014,26641,labor,1,0,0
2014,64366,labor,1,0,0
2014,91799,labor,1,0,0
2014,36027,labor,1,0,0
2014,55750,labor,1,0,0
2014,23426,labor,1,0,0
2014,98459,labor,1,0,0
2014,26022,labor,1,0,0
2014,76549,labor,1,0,0
2014,49954,labor,1,0,0
2014,94338,labor,1,0,0
2014,69833,labor,1,0,0
2014,84911,labor,1,0,0
2014,10043,labor,1,0,0
2014,47279,labor,1,0,0
2014,85434,labor,1,0,0
2014,19126,labor,1,0,0
2014,47136,labor,1,0,0
2015,9574,sex,1,1,1
2015,58305,sex,1,1,1
2015,49252,sex,1,1,1
2015,70926,sex,1,1,1
2015,45051,sex,1,1,1
2015,81214,sex,1,1,1
2015,8471,sex,1,1,1
2015,90797,sex,1,1,1
2015,1687,sex,1,1,1
2015,75636,sex,1,1,1
2015,88188,sex,1,1,1
2015,61403,sex,1,1,1
2015,10497,sex,1,1,1
2015,33808,sex,1,1,1
2015,54638,sex,1,1,1
2015,16949,sex,1,1,1
2015,25064,sex,1,1,1
2015,62773,sex,1,1,1
2015,3857,sex,1,1,1
2015,5203,sex,1,1,1
2015,53992,sex,1,1,1
2015,61392,sex,1,1,1
2015,49922,sex,1,1,1
2015,84208,sex,1,1,1
2015,68060,sex,1,1,1
2015,66773,sex,1,1,1
2015,90712,sex,1,1,1
2015,78299,sex,1,1,1
2015,30829,sex,1,1,1
2015,19581,sex,1,1,1
2015,98439,sex,1,1,0
2015,55551,sex,1,1,0
2015,69534,sex,1,1,0
2015,9257,sex,1,1,0
2015,46891,sex,1,1,0
2015,76284,sex,1,1,0
2015,51156,sex,1,1,0
2015,12214,sex,1,1,0
2015,50294,sex,1,1,0
2015,91194,sex,1,1,0
2015,65353,sex,1,1,0
2015,46324,sex,1,1,0
2015,57300,sex,1,1,0
2015,66046,sex,1,1,0
2015,19751,sex,1,1,0
2015,82172,sex,1,1,0
2015,17271,sex,1,1,0
2015,31221,sex,1,1,0
2015,12074,sex,1,1,0
2015,90556,sex,1,1,0
2015,54456,sex,1,1,0
2015,76079,sex,1,1,0
2015,7254,sex,1,1,0
2015,68362,sex,1,1,0
2015,92003,sex,1,1,0
2015,69155,sex,1,1,0
2015,7105,sex,1,1,0
2015,91984,sex,1,1,0
2015,37220,sex,1,1,0
2015,23717,sex,1,1,0
2015,41114,sex,1,1,0
2015,58037,sex,1,1,0
2015,54831,sex,1,1,0
2015,4227,sex,1,1,0
2015,90037,sex,1,1,0
2015,89875,sex,1,1,0
2015,99451,sex,1,1,0
2015,16248,sex,1,1,0
2015,19353,sex,1,1,0
2015,34838,sex,1,1,0
2015,71817,sex,1,1,0
2015,10157,sex,1,1,0
2015,90422,sex,1,1,0
2015,9574,sex,1,1,0
2015,54509,sex,1,1,0
2015,83646,sex,1,1,0
2015,33137,sex,1,1,0
2015,49086,sex,1,1,0
2015,11015,sex,1,1,0
2015,10832,sex,1,1,0
2015,57480,sex,1,1,0
2015,89912,sex,1,1,0
2015,56120,sex,1,1,0
2015,38187,sex,1,1,0
2015,62477,sex,1,1,0
2015,36022,sex,1,1,0
2015,67745,sex,1,1,0
2015,49729,sex,1,1,0
2015,86158,sex,1,1,0
2015,76118,sex,1,1,0
2015,77466,sex,1,1,0
2015,92367,sex,1,1,0
2015,48670,sex,1,1,0
2015,50867,sex,1,1,0
2015,14200,sex,1,1,0
2015,99626,sex,1,1,0
2015,67595,sex,1,1,0
2015,47247,sex,1,1,0
2015,91927,sex,1,1,0
2015,91749,sex,1,1,0
2015,79563,sex,1,1,0
2015,62575,sex,1,1,0
2015,76161,sex,1,1,0
2015,3562,sex,1,1,0
2015,39793,sex,1,1,0
2015,62994,sex,1,1,0
2015,41397,sex,1,1,0
2015,53052,sex,1,1,0
2015,57433,sex,1,1,0
2015,94871,sex,1,1,0
2015,14189,sex,1,1,0
2015,37373,sex,1,1,0
2015,82011,sex,1,1,0
2015,78397,sex,1,1,0
2015,52096,sex,1,1,0
2015,65765,sex,1,1,0
2015,36151,sex,1,1,0
2015,30886,sex,1,1,0
2015,19789,sex,1,1,0
2015,96492,sex,1,1,0
2015,62619,sex,1,1,0
2015,98525,sex,1,1,0
2015,64633,sex,1,1,0
2015,86596,sex,1,1,0
2015,65912,sex,1,1,0
2015,29803,sex,1,1,0
2015,41089,sex,1,1,0
2015,62396,sex,1,1,0
2015,10395,labor,1,1,1
2015,5553,labor,1,1,1
2015,41611,labor,1,1,1
2015,90537,labor,1,1,1
2015,28124,labor,1,1,0
2015,60577,labor,1,1,0
2015,1390,labor,1,1,0
2015,84662,labor,1,1,0
2015,84447,labor,1,1,0
2015,45891,labor,1,1,0
2015,88684,labor,1,1,0
2015,86014,labor,1,1,0
2015,9617,labor,1,1,0
2015,61319,labor,1,1,0
2015,57645,labor,1,1,0
2015,66973,labor,1,1,0
2015,30680,labor,1,1,0
2015,35804,labor,1,1,0
2015,67978,labor,1,1,0
2015,90409,labor,1,1,0
2015,98097,labor,1,1,0
2015,7442,labor,1,1,0
2015,58839,labor,1,1,0
2015,31677,labor,1,1,0
2015,70082,labor,1,1,0
2016,16761,sex,1,1,1
2016,58131,sex,1,1,1
2016,72836,sex,1,1,1
2016,92083,sex,1,1,1
2016,27055,sex,1,1,1
2016,27629,sex,1,1,1
2016,77955,sex,1,1,1
2016,6597,sex,1,1,1
2016,13373,sex,1,1,1
2016,60728,sex,1,1,1
2016,40529,sex,1,1,1
2016,46606,sex,1,1,0
2016,79523,sex,1,1,0
2016,17210,sex,1,1,0
2016,99538,sex,1,1,0
2016,6006,sex,1,1,0
2016,50905,sex,1,1,0
2016,22963,sex,1,1,0
2016,97480,sex,1,1,0
2016,86254,sex,1,1,0
2016,86155,sex,1,1,0
2016,51713,sex,1,1,0
2016,64946,sex,1,1,0
2016,84160,sex,1,1,0
2016,64587,sex,1,1,0
2016,93571,sex,1,1,0
2016,43283,sex,1,1,0
2016,81283,sex,1,1,0
2016,6485,sex,1,1,0
2016,70090,sex,1,1,0
2016,98933,sex,1,1,0
2016,46135,sex,1,1,0
2016,24508,sex,1,1,0
2016,48490,sex,1,1,0
2016,66915,sex,1,1,0
2016,95550,sex,1,1,0
2016,367,sex,1,1,0
2016,89850,sex,1,1,0
2016,52516,sex,1,1,0
2016,97669,sex,1,1,0
2016,31620,sex,1,1,0
2016,68755,sex,1,1,0
2016,73802,sex,1,1,0
2016,6070,sex,1,1,0
2016,35674,sex,1,1,0
2016,14681,sex,1,1,0
2016,5976,sex,1,1,0
2016,94890,sex,1,1,0
2016,57021,sex,1,1,0
2016,38781,sex,1,1,0
2016,90988,sex,1,1,0
2016,37735,sex,1,1,0
2016,83336,sex,1,1,0
2016,59790,sex,1,1,0
2016,24468,sex,1,1,0
2016,72614,sex,1,1,0
2016,25920,sex,1,1,0
2016,54869,sex,1,1,0
2016,27942,sex,1,1,0
2016,19369,sex,1,1,0
2016,12655,sex,1,1,0
2016,35647,sex,1,1,0
2016,56295,sex,1,1,0
2016,50706,sex,1,1,0
2016,11010,sex,1,1,0
2016,13024,sex,1,1,0
2016,92452,sex,1,1,0
2016,68052,sex,1,1,0
2016,26016,sex,1,1,0
2016,53268,sex,1,1,0
2016,43345,sex,1,1,0
2016,69002,sex,1,1,0
2016,67344,sex,1,1,0
2016,19148,sex,1,1,0
2016,91815,sex,1,1,0
2016,18655,sex,1,1,0
2016,93936,sex,1,1,0
2016,36730,sex,1,1,0
2016,35707,sex,1,1,0
2016,44950,sex,1,1,0
2016,50987,sex,1,1,0
2016,74020,sex,1,1,0
2016,49546,sex,1,1,0
2016,62475,sex,1,1,0
2016,20139,sex,1,1,0
2016,88832,sex,1,1,0
2016,43665,sex,1,1,0
2016,97045,sex,1,1,0
2016,22894,sex,1,1,0
2016,38269,sex,1,1,0
2016,2442,sex,1,1,0
2016,63774,sex,1,1,0
2016,74332,sex,1,1,0
2016,59638,sex,1,1,0
2016,4184,sex,1,1,0
2016,69554,sex,1,1,0
2016,45717,sex,1,1,0
2016,62033,sex,1,1,0
2016,17519,sex,1,1,0
2016,15660,sex,1,1,0
2016,13139,sex,1,1,0
2016,65601,sex,1,1,0
2016,53082,sex,1,1,0
2016,50414,sex,1,1,0
2016,28743,sex,1,1,0
2016,75645,sex,1,1,0
2016,91542,sex,1,1,0
2016,59664,sex,1,1,0
2016,74834,sex,1,1,0
2016,43439,sex,1,1,0
2016,78068,sex,1,1,0
2016,78636,sex,1,1,0
2016,5721,sex,1,1,0
2016,99212,sex,1,1,0
2016,75417,sex,1,1,0
2016,93037,sex,1,1,0
2016,66035,sex,1,1,0
2016,720,sex,1,1,0
2016,62035,sex,1,1,0
2016,23053,sex,1,1,0
2016,82132,sex,1,1,0
2016,23375,sex,1,1,0
2016,92174,sex,1,1,0
2016,72974,sex,1,1,0
2016,64235,sex,1,1,0
2016,49686,sex,1,1,0
2016,62058,sex,1,1,0
2016,5395,sex,1,1,0
2016,77,sex,1,1,0
2016,96755,sex,1,1,0
2016,98488,sex,1,1,0
2016,69138,sex,1,1,0
2016,79534,labor,1,1,1
2016,45777,labor,1,1,1
2016,56346,labor,1,1,1
2016,30583,labor,1,1,1
2016,86367,labor,1,1,1
2016,91537,labor,1,1,1
2016,96402,labor,1,1,0
2016,72865,labor,1,1,0
2016,88603,labor,1,1,0
2016,57932,labor,1,1,0
2016,43867,labor,1,1,0
2016,68217,labor,1,1,0
2016,98192,labor,1,1,0
2016,25874,labor,1,1,0
2016,46571,labor,1,1,0
2016,4980,labor,1,1,0
2016,88505,labor,1,1,0
2016,5580,labor,1,1,0
2016,28507,labor,1,1,0
2016,73084,labor,1,1,0
2016,95864,labor,1,1,0
2016,4380,labor,1,1,0
2016,26979,labor,1,0,0
2016,71383,labor,1,0,0
2016,14819,labor,1,0,0
2016,90473,labor,1,0,0
2016,33951,labor,1,0,0
2016,53671,labor,1,0,0
2016,67951,labor,1,0,0
2016,42084,labor,1,0,0
2016,26827,labor,1,0,0
2016,72527,labor,1,0,0
2016,70471,labor,1,0,0
2016,73009,labor,1,0,0
2016,50147,labor,1,0,0
2016,61853,labor,1,0,0
2016,59131,labor,1,0,0
2016,62631,labor,1,0,0
2016,73934,labor,1,0,0
2016,64743,labor,1,0,0
2016,29895,labor,1,0,0
2016,91891,labor,1,0,0
2016,29946,labor,1,0,0
2016,20606,labor,1,0,0
2016,32015,labor,1,0,0
2017,80545,sex,1,1,1
2017,73326,sex,1,1,1
2017,17142,sex,1,1,1
2017,419,sex,1,1,1
2017,55932,sex,1,1,1
2017,66744,sex,1,1,1
2017,26962,sex,1,1,1
2017,64697,sex,1,1,1
2017,10170,sex,1,1,1
2017,3987,sex,1,1,1
2017,15457,sex,1,1,1
2017,28501,sex,1,1,1
2017,34866,sex,1,1,1
2017,95867,sex,1,1,1
2017,83953,sex,1,1,1
2017,71208,sex,1,1,1
2017,380,sex,1,1,1
2017,10458,sex,1,1,1
2017,60524,sex,1,1,1
2017,68893,sex,1,1,1
2017,76801,sex,1,1,1
2017,25026,sex,1,1,0
2017,55584,sex,1,1,0
2017,21393,sex,1,1,0
2017,72961,sex,1,1,0
2017,38634,sex,1,1,0
2017,17210,sex,1,1,0
2017,38181,sex,1,1,0
2017,34074,sex,1,1,0
2017,87595,sex,1,1,0
2017,66947,sex,1,1,0
2017,27751,sex,1,1,0
2017,90154,sex,1,1,0
2017,45786,sex,1,1,0
2017,15394,sex,1,1,0
2017,83487,sex,1,1,0
2017,44995,sex,1,1,0
2017,12797,sex,1,1,0
2017,4288,sex,1,1,0
2017,40917,sex,1,1,0
2017,9399,sex,1,1,0
2017,61901,sex,1,1,0
2017,78998,sex,1,1,0
2017,3278,sex,1,1,0
2017,40759,sex,1,1,0
2017,21828,sex,1,1,0
2017,66166,sex,1,1,0
2017,49679,sex,1,1,0
2017,28124,sex,1,1,0
2017,22738,sex,1,1,0
2017,58479,sex,1,1,0
2017,54734,sex,1,1,0
2017,29423,sex,1,1,0
2017,13330,sex,1,1,0
2017,72247,sex,1,1,0
2017,35238,sex,1,1,0
2017,13226,sex,1,1,0
2017,34447,sex,1,0,0
2017,68276,sex,1,0,0
2017,99001,sex,1,0,0
2017,91924,sex,1,0,0
2017,46232,sex,1,0,0
2017,31316,sex,1,0,0
2017,21623,sex,1,0,0
2017,56825,sex,1,0,0
2017,7135,sex,1,0,0
2017,1326,sex,1,0,0
2017,11063,sex,1,0,0
2017,84280,sex,1,0,0
2017,80059,sex,1,0,0
2017,69697,sex,1,0,0
2017,25187,sex,1,0,0
2017,23988,sex,1,0,0
2017,75432,sex,1,0,0
2017,67265,sex,1,0,0
2017,7362,sex,1,0,0
2017,71734,sex,1,0,0
2017,43386,sex,1,0,0
2017,98357,sex,1,0,0
2017,82637,sex,1,0,0
2017,88081,sex,1,0,0
2017,53339,sex,1,0,0
2017,23904,sex,1,0,0
2017,75904,sex,1,0,0
2017,47767,sex,1,0,0
2017,91349,sex,1,0,0
2017,87205,sex,1,0,0
2017,34733,sex,1,0,0
2017,1316,sex,1,0,0
2017,25538,sex,1,0,0
2017,35269,sex,1,0,0
2017,44201,sex,1,0,0
2017,982,sex,1,0,0
2017,47038,sex,1,0,0
2017,30524,sex,1,0,0
2017,27397,sex,1,0,0
2017,51385,sex,1,0,0
2017,76123,sex,1,0,0
2017,31921,sex,1,0,0
2017,32078,sex,1,0,0
2017,61841,sex,1,0,0
2017,90044,sex,1,0,0
2017,58489,sex,1,0,0
2017,26354,sex,1,0,0
2017,50221,sex,1,0,0
2017,10327,sex,1,0,0
2017,79295,sex,1,0,0
2017,73923,sex,1,0,0
2017,8457,sex,1,0,0
2017,98936,sex,1,0,0
2017,22103,sex,1,0,0
2017,70550,sex,1,0,0
2017,14005,sex,1,0,0
2017,86342,sex,1,0,0
2017,63267,sex,1,0,0
2017,95715,sex,1,0,0
2017,20329,sex,1,0,0
2017,59899,sex,1,0,0
2017,6258,sex,1,0,0
2017,65232,sex,1,0,0
2017,56423,sex,1,0,0
2017,43378,sex,1,0,0
2017,34833,sex,1,0,0
2017,4538,sex,1,0,0
2017,73820,sex,1,0,0
2017,60711,sex,1,0,0
2017,57298,sex,1,0,0
2017,11306,sex,1,0,0
2017,51129,sex,1,0,0
2017,71262,sex,1,0,0
2017,80663,sex,1,0,0
2017,8206,sex,1,0,0
2017,94829,sex,1,0,0
2017,77078,sex,1,0,0
2017,67409,sex,1,0,0
2017,87835,sex,1,0,0
2017,71040,sex,1,0,0
2017,14176,sex,1,0,0
2017,80544,sex,1,0,0
2017,99652,sex,1,0,0
2017,52659,sex,1,0,0
2017,23560,sex,1,0,0
2017,69732,sex,1,0,0
2017,7153,sex,1,0,0
2017,83867,sex,1,0,0
2017,68636,sex,1,0,0
2017,98216,sex,1,0,0
2017,65568,sex,1,0,0
2017,39254,sex,1,0,0
2017,36387,sex,1,0,0
2017,77213,sex,1,0,0
2017,48329,sex,1,0,0
2017,74558,sex,1,0,0
2017,59402,sex,1,0,0
2017,53872,sex,1,0,0
2017,24450,sex,1,0,0
2017,25133,sex,1,0,0
2017,43499,sex,1,0,0
2017,86924,sex,1,0,0
2017,39791,sex,1,0,0
2017,79136,sex,1,0,0
2017,91804,sex,1,0,0
2017,74678,sex,1,0,0
2017,80471,sex,1,0,0
2017,92560,sex,1,0,0
2017,69341,sex,1,0,0
2017,36860,sex,1,0,0
2017,91468,sex,1,0,0
2017,44619,sex,1,0,0
2017,3799,sex,1,0,0
2017,36302,sex,1,0,0
2017,36911,sex,1,0,0
2017,99513,sex,1,0,0
2017,89482,sex,1,0,0
2017,33013,sex,1,0,0
2017,56268,sex,1,0,0
2017,29825,sex,1,0,0
2017,60074,sex,1,0,0
2017,70240,sex,1,0,0
2017,74899,sex,1,0,0
2017,76137,sex,1,0,0
2017,79243,sex,1,0,0
2017,85785,labor,1,1,1
2017,69882,labor,1,1,1
2017,38724,labor,1,1,0
2017,24442,labor,1,1,0
2017,56536,labor,1,1,0
2017,43861,labor,1,1,0
2017,2494,labor,1,1,0
2017,13604,labor,1,1,0
2017,21255,labor,1,0,0
2017,2051,labor,1,0,0
2017,13779,labor,1,0,0
2017,86551,labor,1,0,0
2017,10309,labor,1,0,0
2017,62760,labor,1,0,0
2017,7354,labor,1,0,0
2017,35092,labor,1,0,0
2017,5682,labor,1,0,0
2017,80530,labor,1,0,0
2017,19069,labor,1,0,0
2017,52917,labor,1,0,0
2017,38194,labor,1,0,0
2017,42725,labor,1,0,0
2017,9974,labor,1,0,0
2017,11008,labor,1,0,0
2017,86070,labor,1,0,0
2017,37448,labor,1,0,0
2017,76745,labor,1,0,0
2017,79673,labor,1,0,0
2017,45974,labor,1,0,0
2017,63668,labor,1,0,0
2017,92837,labor,1,0,0
2017,91464,labor,1,0,0
2017,42812,labor,1,0,0
2017,96639,labor,1,0,0
2017,96241,labor,1,0,0
2017,97172,labor,1,0,0
2017,72573,labor,1,0,0
2017,80268,labor,1,0,0
2017,13650,labor,1,0,0
2017,63099,labor,1,0,0
2017,33184,labor,1,0,0
2017,42467,labor,1,0,0
2017,31736,labor,1,0,0
2017,11756,labor,1,0,0
2017,12290,labor,1,0,0
2017,77238,labor,1,0,0
2017,82775,labor,1,0,0
2017,15445,labor,1,0,0
2017,34003,labor,1,0,0
2017,62872,labor,1,0,0
2017,9967,labor,1,0,0
2017,24751,labor,1,0,0
2017,55226,labor,1,0,0
2017,65877,labor,1,0,0
2017,34678,labor,1,0,0
2017,9785,labor,1,0,0
2017,86963,labor,1,0,0
2017,22066,labor,1,0,0
2017,24185,labor,1,0,0
2017,26382,labor,1,0,0
2017,98744,labor,1,0,0
2017,62352,labor,1,0,0
2017,97317,labor,1,0,0
2017,4243,labor,1,0,0
2017,69930,labor,1,0,0
2017,41198,labor,1,0,0
2018,30329,sex,1,1,1
2018,33815,sex,1,1,1
2018,38525,sex,1,1,1
2018,18069,sex,1,1,1
2018,55634,sex,1,1,1
2018,4207,sex,1,1,1
2018,98220,sex,1,1,1
2018,25560,sex,1,1,1
2018,12309,sex,1,1,1
2018,52053,sex,1,1,1
2018,94730,sex,1,1,0
2018,26020,sex,1,1,0
2018,68451,sex,1,1,0
2018,97652,sex,1,1,0
2018,9484,sex,1,1,0
2018,76881,sex,1,1,0
2018,82062,sex,1,1,0
2018,86545,sex,1,1,0
2018,39846,sex,1,1,0
2018,67476,sex,1,1,0
2018,38960,sex,1,1,0
2018,97102,sex,1,1,0
2018,38093,sex,1,1,0
2018,48304,sex,1,1,0
2018,97379,sex,1,1,0
2018,21199,sex,1,1,0
2018,82279,sex,1,1,0
2018,2458,sex,1,1,0
2018,77930,sex,1,1,0
2018,36047,sex,1,1,0
2018,47527,sex,1,1,0
2018,61779,sex,1,1,0
2018,12774,sex,1,1,0
2018,22027,sex,1,1,0
2018,29451,sex,1,1,0
2018,15409,sex,1,1,0
2018,46821,sex,1,1,0
2018,77058,sex,1,1,0
2018,329,sex,1,1,0
2018,57521,sex,1,1,0
2018,9888,sex,1,0,0
2018,90326,sex,1,0,0
2018,69007,sex,1,0,0
2018,95836,sex,1,0,0
2018,65455,sex,1,0,0
2018,91532,sex,1,0,0
2018,14460,sex,1,0,0
2018,35761,sex,1,0,0
2018,72639,sex,1,0,0
2018,97364,sex,1,0,0
2018,74300,sex,1,0,0
2018,76014,sex,1,0,0
2018,62404,sex,1,0,0
2018,45782,sex,1,0,0
2018,96474,sex,1,0,0
2018,70154,sex,1,0,0
2018,99719,sex,1,0,0
2018,66320,sex,1,0,0
2018,55544,sex,1,0,0
2018,42512,sex,1,0,0
2018,80259,sex,1,0,0
2018,55386,sex,1,0,0
2018,22962,sex,1,0,0
2018,46034,sex,1,0,0
2018,90107,sex,1,0,0
2018,1396,sex,1,0,0
2018,78170,sex,1,0,0
2018,10695,sex,1,0,0
2018,24751,sex,1,0,0
2018,65332,labor,1,1,1
2018,61137,labor,1,1,0
2018,60079,labor,1,1,0
2018,45737,labor,1,0,0
2018,911,labor,1,0,0
2018,53488,labor,1,0,0
2018,81297,labor,1,0,0
2018,68389,labor,1,0,0
2018,48064,labor,1,0,0
2018,12333,labor,1,0,0
2018,45671,labor,1,0,0
2018,69491,labor,1,0,0
2018,42524,labor,1,0,0
2018,86138,labor,1,0,0
2018,17413,labor,1,0,0
2018,93142,labor,1,0,0
2018,39611,labor,1,0,0
2018,69878,labor,1,0,0
2018,7679,labor,1,0,0
2018,23179,labor,1,0,0
2018,41112,labor,1,0,0
2018,63270,labor,1,0,0
2018,42310,labor,1,0,0
2018,84818,labor,1,0,0
2018,81598,labor,1,0,0
2018,4847,labor,1,0,0
2018,13249,labor,1,0,0
2018,73844,labor,1,0,0
2018,68753,labor,1,0,0
2018,48359,labor,1,0,0
2018,20501,labor,1,0,0
2018,73196,labor,1,0,0
2018,78444,labor,1,0,0
2018,3331,labor,1,0,0
2018,38036,labor,1,0,0
2018,35137,labor,1,0,0
2018,26521,labor,1,0,0
2018,49744,labor,1,0,0
2018,37750,labor,1,0,0
2018,85280,labor,1,0,0